ID_Paziente,ID,original_shape2D_Elongation,original_shape2D_MajorAxisLength,original_shape2D_MinorAxisLength,original_shape2D_Perimeter,original_shape2D_MaximumDiameter,original_shape2D_Sphericity,original_firstorder_Mean,original_firstorder_Median,original_firstorder_Minimum,original_firstorder_Maximum,original_firstorder_Range,original_firstorder_Uniformity,Centroid_X,Centroid_Y,Classe
100360,1,0.4532082917399712,124.7328741854499,56.529972833404514,1261.0134187980757,125.2836781069266,0.1994139518733206,110.809747504404,113.0,4.0,199.0,195.0,0.264024841734586,327.54648659228815,216.62027794088863,1
100360,1112,0.8545281111993968,118.83984555563136,101.55198875788167,1456.719046282829,135.9154148726332,0.2335133900297712,98.4391084311403,101.0,19.0,150.0,131.0,0.2889219968901673,318.02767309141814,204.765801658232,-1
100360,1236,0.4440528482975941,125.1068812718166,55.554066970379104,1384.7951647285818,135.5322839769182,0.1841689989040771,116.76898192197906,124.0,13.0,205.0,192.0,0.2159718124463041,323.13453853472885,239.28087535680305,-1
100360,1247,0.763734907651226,121.44150889073268,92.74911957768929,1535.187083714355,125.36347155371855,0.2099190808995755,114.0547174329502,118.0,14.0,176.0,162.0,0.2438809193842574,326.28639846743295,253.54849137931035,-1
100360,1258,0.905549356934324,117.60209749467752,106.49450376043288,1650.4835482706203,132.00378782444085,0.2070316044895457,113.04321907600595,116.0,7.0,191.0,184.0,0.3027493801618897,329.22514370875024,249.01096444539067,1
100360,1269,0.8998862633726595,124.96052806092776,112.45026266582263,1825.093721325877,143.8923208513922,0.1958418456966752,106.6219927924418,114.0,4.0,173.0,169.0,0.2799527762154583,327.5179701957729,248.09642544073245,-1
100360,1280,0.5758997223715947,144.67769455767973,83.31984412913015,1824.306924761464,154.20765220960988,0.1844102480645907,98.93303326380504,108.0,10.0,178.0,168.0,0.2029816708224122,327.4924799648699,242.9900098803381,-1
100360,1291,0.7030864909375807,97.50296319426006,68.55301624826839,1221.3149339882466,103.24727599312246,0.2047675267596928,89.58460622892284,80.0,24.0,206.0,182.0,0.2314173942290555,345.563975401706,230.95457250545527,-1
100360,1302,0.4735249256025529,100.9205782515317,47.78840930832317,1055.3910524340124,100.2845950283492,0.1996472547499828,84.97104677060133,72.0,23.0,190.0,167.0,0.2120965421798503,337.2758908685969,232.9793986636971,1
100360,2223,0.9076611771197644,128.45394637277792,116.59266017039468,1802.4663043279013,140.9432509913121,0.208757421755483,102.07971843378796,107.0,3.0,146.0,143.0,0.3322610983118454,325.5526616805983,211.27672679278487,-1
100360,2399,0.8638986854907255,122.76932504602924,106.06025852584824,1699.2875887777218,137.71347065556077,0.2042741362792874,93.73612403100776,98.0,10.0,144.0,134.0,0.3206582189905788,323.2425839793282,215.5601033591732,-1
100360,2447,0.9280018341036738,97.87225331981328,90.8256305886461,1474.902812466897,111.73182178770736,0.1915413678925176,114.83400683866957,123.0,0.0,185.0,185.0,0.2534517289396197,212.45990052844263,257.06807584706246,-1
100360,2448,0.7897751140611117,132.19047640969632,104.4007485842606,1758.0054095713067,140.6840431605518,0.2028048805119723,99.67705686925932,111.0,7.0,184.0,177.0,0.2058293046484015,220.30252100840332,247.3371115888216,1
100360,2449,0.8433225988160086,125.63619087844404,105.95183899695353,1844.1475451950296,145.67086187704115,0.1874265081547495,107.51710868434738,112.0,1.0,172.0,171.0,0.3215799438009761,219.51814872594903,248.2707228289132,-1
100360,2450,0.804279096334234,126.04936213979104,101.37886707529776,1794.248050258422,140.18559127100045,0.1928617541487675,98.50586891035628,101.0,6.0,169.0,163.0,0.2757659602087974,220.21283889062013,248.7378207125792,-1
100360,2451,0.6891086446530005,110.40032101210512,76.07781558190793,1215.5159441150236,121.07848694132248,0.2258454245398916,102.24958759485318,107.0,13.0,150.0,137.0,0.3779742289098647,213.56417024084465,245.8340481689212,-1
100360,2452,0.7131646212322011,105.88970226713052,75.51678940972869,1380.2510088512977,114.28035701729324,0.1910240042355629,98.97917408330366,109.0,4.0,145.0,141.0,0.3044348627162273,208.43965824136703,257.812210751157,1
100360,2510,0.8017855350074798,140.72448430925934,112.8308559405512,1781.7800128268889,156.7801007781281,0.2174194906953019,74.38335686404784,66.0,0.0,151.0,151.0,0.1985525522344513,338.3857653018852,221.02474877501868,-1
100416,2864,0.7027383064511272,55.70633542721842,39.14697581672191,779.4427842621227,64.00781202322104,0.1780994512224166,113.4423440453686,112.0,40.0,193.0,153.0,0.2050191993945768,265.24700693131695,228.5879017013233,-1
100416,2865,0.8581995870295005,72.28013560138903,62.03078252354837,1018.07734393503,81.88406438373708,0.2010513330049063,116.115395937592,106.0,15.0,255.0,240.0,0.1330980105131811,258.41919340594643,220.9458345599058,-1
100416,2867,0.7171259243551739,80.72253898762297,57.88822538779568,998.3199846221494,89.0,0.207612242337003,83.90788716177317,77.0,19.0,172.0,153.0,0.1859632324208554,260.88975244674725,214.55066206102475,2
100416,2868,0.6200223938484871,67.08542532872833,41.59446600466207,807.0752518939752,73.54590403278758,0.1969440843719541,75.3495855680156,73.0,12.0,130.0,118.0,0.4051805721531469,267.9512432959532,215.31691857630423,-1
101016,2,0.8990509286490288,79.00384140080968,71.02847697823852,1214.87128317435,88.56635930193812,0.1894857111830578,123.35867537313432,131.0,40.0,178.0,138.0,0.2248777175804744,267.3017723880597,287.8313899253731,-1
101016,113,0.8768900666968747,99.71805296539142,87.44177011570457,1335.58196129299,112.44554237496476,0.2161832894899214,121.40178704393148,132.0,22.0,157.0,135.0,0.4987344433423575,272.9971705137752,289.4153387937453,-1
101016,224,0.860323490080034,111.3533919298142,95.79993877730764,1444.777920785872,121.07848694132248,0.2218507990899041,127.40203315986928,135.0,29.0,183.0,154.0,0.527953685367359,274.9891080721288,289.5698898705071,1
101016,335,0.8203516250379126,117.4837461852686,96.37798209862676,1603.3292193380764,128.50291825480073,0.2053998883361071,102.37182130584192,108.0,16.0,153.0,137.0,0.6381476364237549,275.42852233676973,289.88911798396333,-1
101016,446,0.8181071383990534,107.62065386841192,88.04522516892148,1252.3271272970612,114.82595525402782,0.240172473394063,126.6251717504809,136.0,23.0,159.0,136.0,0.4883350131748052,274.8333333333333,290.2223138224787,-1
101016,557,0.8175224786261446,85.9495599504081,70.26569728748403,1223.1555544218097,95.85405573057407,0.1954060275196236,129.66313284292514,141.0,47.0,209.0,162.0,0.2571107908464044,274.65772392903506,292.8394634357421,-1
101016,1347,0.8470226740967071,86.2498525477947,73.05558074547974,1139.047906683496,97.082439194738,0.2147057163698763,134.28103626943005,142.0,49.0,220.0,171.0,0.1863208139815834,270.3059067357513,172.7218652849741,1
101016,1358,0.9057062074991282,101.2385127155964,91.6923494044951,1522.937300352295,113.07077429645558,0.195594218754058,123.86470588235294,134.0,26.0,183.0,157.0,0.2653525724015096,270.3957983193277,171.5281512605042,-1
101016,1369,0.8907912055695186,108.47901948153194,96.63215654295314,1438.736290225528,119.4026800369238,0.2201853331751095,116.35758552305404,122.0,4.0,159.0,155.0,0.3265650498280726,272.57759048091225,171.63336638572136,-1
101016,1380,0.8523040134634082,113.4382045355354,96.68383700571984,1401.6235918533298,125.36347155371855,0.2307350016980539,117.2079761904762,124.0,0.0,173.0,173.0,0.2869381519274377,275.39464285714286,171.57535714285714,-1
101016,1391,0.8427107992440238,104.813402291176,88.32738601628232,1196.60425586959,112.92475370794484,0.2487330792314226,130.12034303388162,137.0,10.0,178.0,168.0,0.2593230734979737,274.0968648952622,169.9583860537045,1
101016,1402,0.8596037389923064,85.14771972192621,73.19329823963672,1011.3910524340148,95.67131231461184,0.2400593032605929,120.59877843302444,129.0,33.0,176.0,143.0,0.2223626815068323,274.7622156697557,167.65606571187868,-1
101016,2461,0.8297697766325383,112.53819620685478,93.38079392919066,1466.760676843167,124.27791436936812,0.2162621857409243,92.98888614472708,93.0,0.0,161.0,161.0,0.2106630184292796,282.7630279081255,182.8968881205236,-1
101016,2462,0.9111158612118222,112.52061790096722,102.51931968292614,1366.552524041469,125.09996003196804,0.24426132722641,102.56874580818244,108.0,15.0,144.0,129.0,0.2952168634431224,277.67493852000894,185.52939861390567,-1
101016,2463,0.9545497982704204,113.53375021274856,108.37361836246346,1394.9373003523133,124.77579893553076,0.2476203277242004,100.75206438800042,104.0,21.0,143.0,122.0,0.328114507762799,278.9824396362496,183.9530678373576,1
101016,2464,0.8506064352157566,94.17066878493848,80.10217687704025,1056.1950929411182,103.61949623502326,0.2553105524200117,116.22149948647724,127.0,32.0,167.0,135.0,0.2879731128082293,278.4924683327628,183.31718589524127,-1
101016,2954,0.7649126389106505,82.08161386560417,62.785263867984334,997.1067811865528,92.78469701410896,0.2172016751381897,74.38554852320675,73.0,21.0,107.0,86.0,0.4805034527497374,246.3570675105485,286.2143987341772,-1
101305,323,0.7830226239658584,50.14469227958227,39.26442852671903,732.9087296526038,57.14017850864661,0.1774176769641032,93.17016654598116,97.0,6.0,159.0,153.0,0.2371110776698978,254.71832005792905,204.4185372918176,-1
101305,325,0.8020322451747366,48.44433558488952,38.85391923514733,546.7665940288728,56.60388679233962,0.2351965268235591,94.46428571428572,99.0,4.0,174.0,170.0,0.3162877781320861,256.17261904761904,197.81994047619048,3
101305,326,0.7340675860929322,51.47986075904266,37.78969711979071,649.4600282048253,59.80802621722272,0.2021759817279506,101.71468926553672,112.0,4.0,203.0,199.0,0.2863211800568163,253.10098870056493,193.7168079096045,-1
101305,327,0.9041585093221364,44.01291241160556,39.794649277003046,493.7127701597099,54.48853090330111,0.2548683127745009,63.62023346303502,56.0,5.0,145.0,140.0,0.2821983678783933,252.42801556420235,194.01556420233464,-1
101305,527,0.6915542971643629,45.07148095104552,31.16937633125725,600.74935008617,50.28916384272063,0.1826870155242795,85.182,97.0,7.0,160.0,153.0,0.239854,247.607,247.205,-1
101305,528,0.8249054713709086,40.259406058332,33.210204331661174,412.1147904132629,50.0,0.2619652526930244,67.95798319327731,73.0,9.0,114.0,105.0,0.3223201045123931,249.0987394957984,246.4810924369748,3
101305,529,0.7651529978599635,40.421828350556034,30.92888314140881,498.4995667241134,45.65084884205331,0.2071410007788053,109.80870561282931,115.0,13.0,196.0,183.0,0.2532602748353625,257.0126002290951,248.14203894616267,-1
101305,530,0.5684566816666327,41.36578337875297,23.514655954026665,481.6538956566644,46.14108798023731,0.1809539248779506,118.76377952755904,113.0,37.0,205.0,168.0,0.2345563891127782,257.6440944881889,250.8251968503937,-1
101305,531,0.6841812918459487,44.45798929996196,30.417324552121336,539.4528855298879,49.33558553417604,0.1971390531165096,79.56008583690988,87.0,5.0,134.0,129.0,0.3954415259076425,252.23068669527896,248.24034334763948,-1
101305,532,0.726580081713398,44.57297450269254,32.385835456375546,469.1686142824257,52.392747589718944,0.2407775240501658,78.89483747609943,85.0,4.0,120.0,116.0,0.4040686727915504,255.41395793499044,248.5841300191205,3
101305,533,0.5321212135476548,47.92017066017583,25.499339365103488,458.45793616377046,53.225933528685054,0.2238347166738419,113.92799070847852,121.0,12.0,178.0,166.0,0.2880816812150202,257.05574912891984,251.9732868757259,-1
101305,534,0.5381989756109967,44.249529697830745,23.815051554640885,500.2985565973368,46.14108798023731,0.1820319619123458,98.58635703918723,101.0,27.0,170.0,143.0,0.2387233764674409,259.02612481857767,250.933236574746,-1
101305,730,0.6749008186529051,36.11473717640147,24.37386568578786,313.2447327281738,41.7612260356422,0.2723080228530078,91.58430717863104,93.0,12.0,198.0,186.0,0.2955370804429196,193.80133555926545,274.15025041736226,-1
101305,731,0.7733851492556869,41.36465526537688,31.99081008632353,455.269119345814,50.0,0.2347570699023863,91.86093418259024,101.0,4.0,173.0,169.0,0.277284181012527,193.73142250530785,272.5021231422505,3
101305,732,0.8623591015672091,37.48855773413666,32.32859896666054,501.0264786586948,46.14108798023731,0.2005567088179699,98.87394957983192,109.0,4.0,184.0,180.0,0.3182771307802833,192.97719087635053,272.1140456182473,-1
101305,733,0.5523798497390076,41.98894542269068,23.193847363285265,308.1320343559656,45.17742799230607,0.2973420367742925,114.06821480406386,129.0,8.0,195.0,187.0,0.2348389896381242,196.8519593613933,275.6023222060958,-1
102420,1513,0.9448729793264636,72.1829065347674,68.20367795394934,1181.81745930519,85.09406559801923,0.177264895002178,101.0701065619742,104.0,0.0,203.0,203.0,0.1709917526687676,300.86371284352214,330.6839596186203,-1
102420,1524,0.7169749160049831,68.25188282151922,48.93488795314069,737.0163773909296,81.39410298049853,0.2335358961388201,126.47521865889212,139.0,18.0,202.0,184.0,0.1996164308186873,298.10870470637235,328.0516451478551,1
102420,1535,0.5931566872829002,70.1592722245143,41.61544149487208,669.1757569573633,75.0,0.2404645401091413,114.98095238095236,121.0,2.0,191.0,189.0,0.1690108843537414,303.63619047619045,328.7595238095238,-1
102420,1557,0.8654366178985352,72.16475675666442,62.454023018958125,875.2245301926437,81.00617260431454,0.2350909745078397,122.07860900058444,125.0,12.0,180.0,168.0,0.2177272169866586,302.6858562244301,268.94126241963767,-1
102420,1668,0.4282864023815799,120.71372140964708,51.70004546063006,1358.3515139146875,131.46862743635836,0.1637997796885473,117.18358208955225,126.0,13.0,191.0,178.0,0.2103659562882106,300.2542288557214,277.42114427860696,-1
102420,2482,0.6195885316076755,78.69761080504817,48.760137119732136,840.129075763138,85.44003745317531,0.2184981767315653,111.4476295479603,123.0,5.0,172.0,167.0,0.2767421666672744,256.86585814038955,316.97794928335173,1
102420,2483,0.7900524296760473,61.2513466780452,48.3917752639195,804.999133448227,71.84010022264724,0.2030444622581991,118.42594296228152,129.0,8.0,192.0,184.0,0.1971526842698141,261.0832566697332,317.1513339466421,-1
102669,543,0.3490334958052156,53.036816648853375,18.51162552132955,420.15642097360575,52.392747589718944,0.2095735688305769,123.54773082942096,132.0,6.0,206.0,200.0,0.1456819512099549,254.7965571205008,315.9530516431925,-1
102669,544,0.5870767114557375,58.1561293016509,34.14210914140787,749.1585130146607,64.00781202322104,0.1532199902796599,113.1648451730419,121.5,9.0,254.0,245.0,0.1622672121194024,261.3415300546448,306.0591985428051,-1
102669,749,0.6771082915956005,33.96522518370556,22.998135597798736,364.37467504308495,38.60051813123757,0.2193826235687234,99.30812854442344,110.0,3.0,176.0,173.0,0.171436637233286,214.4310018903592,314.5349716446125,3
102960,2500,0.6648158062720034,79.09090993696879,52.58088705853231,1004.8641404994336,85.7962703152066,0.1947144467230964,118.43224149004496,113.0,31.0,221.0,190.0,0.1607772138918073,186.36480411046884,208.08092485549133,-1
102960,2501,0.682953193521427,89.49046456436064,61.1177985639462,1118.3443712397775,95.85405573057407,0.2021714602336456,114.08583172147002,120.0,27.0,208.0,181.0,0.1892228542888035,181.0420696324952,206.85154738878143,-1
102960,2502,0.5899231694446474,99.20892664512256,58.52564444369223,1097.089537243843,106.88779163215976,0.2135400379421278,102.5518953068592,105.0,14.0,179.0,165.0,0.2406973732226407,180.43840252707585,208.9869133574007,-1
102960,2503,0.6224353891066551,98.0336417822231,61.01960796826048,1144.5037508062117,102.7277956543408,0.2075905528522649,99.13179824561404,102.0,16.0,184.0,168.0,0.1854284010464758,174.63706140350877,208.3405701754386,1
102960,2504,0.9399258421842728,48.9944854540987,46.05118300282882,644.7493500861701,56.60388679233962,0.2229959472023807,86.31116389548694,88.0,40.0,148.0,108.0,0.2751846356091423,168.4643705463183,206.4809976247031,-1
102985,1702,0.782524962984318,38.55813554795908,30.17270359241099,533.6538956566644,45.65084884205331,0.184805855794727,158.33374689826303,169.0,54.0,247.0,193.0,0.1655634847822472,262.4727047146402,196.34491315136475,-1
102985,2344,0.7160743577924644,39.401376898428936,28.214315658681347,555.595021153619,46.14108798023731,0.1683260012958887,107.74488403819916,113.0,21.0,174.0,153.0,0.192040038042841,261.86630286493863,378.5320600272851,-1
102985,2505,0.7126692959209548,42.23504700102511,30.099621209409,462.0142853498747,50.0,0.2282554539211564,73.0,78.0,26.0,110.0,84.0,0.3092457645209494,394.41079295154185,200.5770925110132,1
103046,338,0.790035633833764,46.09197226933274,36.41430052645057,575.8792924010811,56.08029957123981,0.2094276258868057,82.687552213868,88.0,4.0,133.0,129.0,0.4616854025902965,240.48370927318297,208.12781954887217,-1
103046,339,0.8758605204719384,42.73929081263752,37.43365749575823,469.1858582251284,50.60632371551998,0.2565515672875657,87.25809199318569,87.0,6.0,128.0,122.0,0.4116824206472433,241.1967632027257,211.5,-1
103046,340,0.8987818657921411,47.444206129048695,42.641992105693326,629.5361466505735,60.0,0.2088404199907481,84.38739376770538,90.0,4.0,158.0,154.0,0.4139157283984303,241.4313031161473,211.4596317280453,-1
103046,545,0.8080601678603345,39.96070654341553,32.290655237289926,398.0559159102174,46.14108798023731,0.2703388854750898,87.28842105263158,89.0,5.0,150.0,145.0,0.4316808864265927,246.1442105263158,291.2368421052632,3
103046,547,0.9719060707580915,51.40931597777056,49.96502629231617,780.9575028878842,61.220911460055866,0.1948678519758748,94.96247357293868,99.0,4.0,174.0,170.0,0.2064406044813144,245.13636363636363,290.01057082452434,-1
103046,548,0.7942922263055143,42.247454214481685,33.55682446376094,482.9259735953066,50.60632371551998,0.2309627624246339,101.14397649363367,102.0,6.0,167.0,161.0,0.2520919649169593,250.60137120470128,289.154750244858,-1
103046,549,0.8041602404760411,40.08852317940813,32.23759644028219,438.1980515339485,46.14108798023731,0.2432981325496847,108.33297413793105,116.0,8.0,150.0,142.0,0.2828129644768133,249.65840517241372,286.67456896551727,-1
103046,750,0.7022965757468346,57.71953064401684,40.53622872500751,756.531096016691,67.67569726275453,0.1890915099155628,70.17125748502994,75.0,3.0,145.0,142.0,0.218727813833411,194.6676646706587,298.0431137724551,3
103046,751,0.8570871157141532,47.22773074984266,40.47827953010727,529.997041407172,56.08029957123981,0.2492323593868194,73.33922261484099,73.0,2.0,135.0,133.0,0.2848595937020065,194.57879858657245,300.6925795053004,-1
103046,752,0.6112398920571972,53.88019279335792,32.93372322703307,614.9503602129466,60.60528029800704,0.2001467208474876,75.42190016103059,74.0,0.0,142.0,142.0,0.28722438744843,198.56843800322065,299.4645732689211,-1
103046,753,0.7945071472072073,41.60763974563811,33.05756715633215,479.51176003293335,48.82622246293481,0.2272592523351283,82.61806981519507,92.0,7.0,129.0,122.0,0.2813605488069688,201.70328542094447,294.7022587268994,-1
103257,341,0.6389885265312836,81.0953207973606,51.818979544887206,881.6265504461967,88.14193099768123,0.2169408683209017,86.51064548834066,82.0,2.0,213.0,211.0,0.3178945189985793,244.0726596823251,209.9705981750592,3
103257,342,0.7257130362828209,73.95045716324461,53.66681080244093,829.6437943888992,81.88406438373708,0.2293028786230067,87.61378369157285,84.0,3.0,174.0,171.0,0.2936197386936966,248.6096895257592,204.43329921528488,-1
103257,343,0.7879454760098555,58.55045691769148,46.13456764660494,695.9625535217667,67.11929677819934,0.223506841118948,80.57142857142857,80.0,4.0,176.0,172.0,0.3679530246008815,250.733604473818,206.56075241484496,-1
103257,344,0.8812135353491674,49.89140072915077,43.964977620056985,564.2224381515887,56.08029957123981,0.2527615038288194,82.22477341389728,88.0,7.0,143.0,136.0,0.4760325298235686,254.27250755287008,209.17401812688823,-1
103257,345,0.9258834574744288,52.8687310142704,48.95028346377824,620.7493500861701,61.84658438426491,0.2493813691728839,91.56028732683428,98.0,21.0,134.0,113.0,0.3093288818699305,254.1390456644433,214.7557721908671,3
103257,346,0.8222484548172573,48.78662192224342,40.11472449131838,523.2102448427687,56.08029957123981,0.2573723324333881,89.40760869565217,95.0,7.0,118.0,111.0,0.3791970034853497,251.94089673913044,216.3960597826087,-1
103257,550,0.6077366042260036,76.30384230013485,46.37263800888044,939.2834046956892,85.98255637046388,0.1855246762859917,81.51601134981759,89.0,2.0,186.0,184.0,0.3163044444470004,246.43291447101743,239.057965139846,-1
103257,551,0.588417139638064,84.3200369333456,49.61535494649513,1097.0479066834982,92.78469701410896,0.1723233524434915,90.93537298040565,93.0,4.0,182.0,178.0,0.4043086019005986,246.94293571674115,235.21278789962187,-1
103257,552,0.7240258603553773,89.39363356687382,64.72330245354915,1393.8662325404453,103.24727599312246,0.1595756206714571,99.29253731343285,99.0,6.0,230.0,224.0,0.2807633474418949,247.5592039800995,232.9186567164179,3
103257,553,0.6744879319539595,93.97592369043107,63.38562642342197,1264.309883354358,103.24727599312246,0.1766856760709248,102.51974333662388,100.0,5.0,218.0,213.0,0.2669471354133675,247.40029615004937,233.1762092793682,-1
103257,554,0.7178984912468569,93.32775115190168,66.99985174341232,1306.8540392316374,106.30145812734648,0.1683967488906404,99.27393075356416,103.0,4.0,232.0,228.0,0.2335690597765896,244.99439918533605,236.4376272912424,-1
103257,754,0.8465393817140123,46.93572985476466,39.73294373154839,658.4478348960052,56.60388679233962,0.1941132737976967,109.51757666417352,120.0,2.0,248.0,246.0,0.1523929985360005,231.6731488406881,252.9207180254301,-1
103257,755,0.6015563281696604,71.4672583067909,42.991581491385794,680.1463197058406,78.60025445251433,0.2458485138038469,98.94454225352112,101.0,9.0,203.0,194.0,0.2870593942174172,230.07526408450704,238.0699823943662,3
103257,756,0.6416051985921908,77.96628986699571,50.02357689361009,913.1828996323007,85.14693182963201,0.2055771703423263,94.93644662921348,94.0,9.0,173.0,164.0,0.3164530993561419,231.07689606741573,235.91994382022472,-1
103257,758,0.5925575858163851,89.55406064730154,53.06593797721913,980.663130372657,92.28217596047462,0.2102189613737143,88.46653144016227,89.0,3.0,148.0,145.0,0.3090846466585514,229.23732251521292,239.77977397855693,-1
103257,759,0.6657250961239841,88.54257226862171,58.945012434593,1131.4154390516433,93.30058949438636,0.1855323958811473,85.14813777653319,88.0,2.0,149.0,147.0,0.3700633490748658,227.61747409689164,247.448333800056,-1
103257,760,0.6277953473178014,65.58312106682588,41.172778268333374,592.3645737753197,70.68238818828917,0.264396536001909,81.10468042274786,87.0,3.0,139.0,136.0,0.388335707007476,225.9441368897836,261.3311524911928,3
103257,761,0.6467155793120306,61.63500780676838,39.86031977965574,821.1412690719579,74.09453421137081,0.1751467035812913,77.98941176470588,84.0,2.0,169.0,167.0,0.422643598615917,234.95529411764707,261.60411764705884,-1
103582,355,0.939954468199758,60.119956252181545,56.51002150721203,723.2762620207515,73.10950690573696,0.2451325448412704,110.54248623131392,116.0,3.0,215.0,212.0,0.3253176686737553,258.5833988985051,211.6038552321007,-1
103582,356,0.7231703556513953,65.74561824730358,47.5452821304234,592.3818177180226,74.94664769020693,0.2814464488358002,115.29477445288074,119.0,5.0,243.0,238.0,0.3263781185413238,259.6453774006253,213.25904421616792,-1
103582,357,0.5444657807994268,79.90818039204956,43.5072698294187,634.4650788387082,80.95060222135473,0.2796690532176577,124.88420638046476,127.0,10.0,242.0,232.0,0.3249698558338675,260.9444663253249,213.52067743205987,3
103582,359,0.7704793343668174,55.84367407505316,43.02639682994445,720.0458146424525,64.00781202322104,0.2041780374713125,111.88511601584608,121.0,13.0,175.0,162.0,0.2933453629692831,254.6553480475382,209.39898132427845,-1
103582,360,0.904850563988578,44.3806394526659,40.15784663891848,665.5189027078708,52.80151512977634,0.1882836752372113,121.5385214007782,142.0,14.0,217.0,203.0,0.1656897152114339,252.30661478599225,206.4661478599222,-1
103582,361,0.9733135658487206,37.37317809636581,36.37582124007311,490.5828278447989,46.14108798023731,0.220360659776191,90.90501043841336,85.0,3.0,164.0,161.0,0.2404343600315549,251.9498956158664,205.3423799582464,-1
103582,565,0.7260240295283782,73.95151257121796,53.69057514667418,892.4377336282403,81.00617260431454,0.2116458239240815,115.30835635359117,119.0,10.0,184.0,174.0,0.3047096776655169,257.65987569060775,307.4754834254144,3
103582,566,0.8516868436512709,78.25532589691711,66.64903151204689,1095.57481861808,89.0,0.1997086515865168,114.736204228984,118.0,4.0,206.0,202.0,0.2916845425498328,260.3223310985044,307.24161939143886,-1
103582,567,0.8275778946225464,78.70052706920066,65.13081649761381,1215.841845922828,90.70832376358854,0.1755907457302527,117.8458626284478,122.0,4.0,207.0,203.0,0.2995417106757603,259.5478637101136,306.0895078420768,-1
103582,568,0.8364509088378443,75.00000112025265,62.73381909987467,963.4671708797632,85.44003745317531,0.2144291481793688,125.6084686774942,132.0,8.0,207.0,199.0,0.3502773725378308,261.45011600928075,309.51450116009283,-1
103582,570,0.4639683237329743,92.48320325532444,42.90927678782885,1232.2022356160348,98.71676655968832,0.1503569619739626,117.15008912655972,121.0,34.0,255.0,221.0,0.214168231544765,260.220320855615,311.62495543672014,3
103582,771,0.8978720833087812,44.31043712763497,39.78510449611238,501.1269837220829,52.80151512977634,0.2509480085091634,114.1619937694704,122.0,16.0,176.0,160.0,0.2808154035772168,205.39096573208724,308.89330218068534,-1
103582,772,0.6092414837512176,65.62632153592241,39.98227750567986,676.8914857099012,68.00735254367721,0.2270122382662722,115.66231050705696,118.0,22.0,172.0,150.0,0.3543070235866573,204.5546262415055,297.9634082592786,-1
103582,773,0.5425109320005093,79.02973966463503,42.874497721218766,829.5260453828083,83.24061508662703,0.211975949946445,108.39451728247914,111.0,29.0,162.0,133.0,0.3724327335343343,205.8434644417958,301.6253476360747,-1
103582,774,0.631254698162145,81.70072811606197,51.573968466532165,858.7564927611077,85.09406559801923,0.2293523598986634,86.70121173469387,90.0,3.0,131.0,128.0,0.3432446360240525,205.33195153061223,307.5676020408163,3
103582,775,0.7115607479828948,70.99468326318733,50.51702992556229,898.1118318204353,77.62087348130012,0.2026887195148161,87.7953869047619,90.0,15.0,142.0,127.0,0.3414129486429989,208.50744047619048,315.3344494047619,-1
103582,776,0.9204466467424146,49.18845211853191,45.27534581095252,583.1513703397233,57.14017850864661,0.2456123647343845,100.05532170775706,103.0,17.0,152.0,135.0,0.3709894781146303,208.14070956103427,311.3325315694528,-1
103582,777,0.5931371830646099,53.69134272475976,31.846331778720547,605.6538956566646,60.53924347066124,0.195485794771404,102.06010452961672,110.0,10.0,154.0,144.0,0.3755023127632969,214.46689895470385,305.0635888501742,-1
103582,778,0.453595649602983,59.63409413676479,27.04976566845126,546.7249634685301,60.166435825965294,0.2136736360540048,107.60394265232976,111.0,18.0,210.0,192.0,0.2381762181883583,219.7831541218638,306.4032258064516,3
103671,365,0.8558154249548254,54.41239543124384,46.566967318799946,659.5361466505736,64.00781202322104,0.2302105314873057,114.74665954035277,119.0,1.0,216.0,215.0,0.1968905123375975,251.8861571352218,218.9540352752539,-1
103671,366,0.8536748988279379,49.54275101729364,42.29340296234587,610.8498551495585,61.84658438426491,0.2238576407477401,113.01505235602096,123.0,5.0,192.0,187.0,0.2728654984786601,250.99214659685865,216.7787958115184,-1
103671,367,0.7819881428862033,52.383027135010536,40.96290610806448,454.84271247462095,61.220911460055866,0.3090081699892436,141.1095804633688,151.0,12.0,250.0,238.0,0.2598638100790893,252.1045710707577,216.38321853475267,-1
103671,368,0.8107144474499426,52.13995314859488,42.270613306928986,463.3279938488595,61.07372593840988,0.3098405931416539,120.84861278648977,129.0,14.0,190.0,176.0,0.1900585093147818,250.94571773220747,215.97346200241253,3
103671,575,0.8585229595816715,51.8208413648063,44.48938209652581,793.5016587651684,60.53924347066124,0.1801706838167683,79.41155449672424,80.0,24.0,130.0,106.0,0.3364587460771234,249.526503871352,299.3311494937463,-1
103671,576,0.7831794335797828,62.7847437119474,49.1717200177748,720.2468247692289,72.47068372797375,0.2325515901193356,99.171202809482,107.0,6.0,173.0,167.0,0.3403035948697353,247.04389815627744,307.0974539069359,-1
103671,577,0.759176619643553,70.66842028865183,53.64981243028858,791.9453095790641,78.0,0.2356073411688155,99.3185053380783,107.0,5.0,142.0,137.0,0.449495827053862,247.1,313.9526690391459,-1
103671,578,0.7921674584339476,69.59130908381694,55.12797044601855,932.6803743153596,78.39005038906404,0.1999655290856932,108.09094125973108,114.0,4.0,177.0,173.0,0.3309625161965352,248.1970983722576,314.73779193205945,3
103671,579,0.7697641617529914,64.24956174661003,49.45701004087633,904.4966081312856,74.94664769020693,0.1826534584953579,106.33438202247191,111.0,10.0,165.0,155.0,0.4099597525564954,246.6849438202248,315.523595505618,-1
103671,581,0.8367865128104748,47.044058551317214,39.36583370360853,737.8448045156758,57.14017850864661,0.1712823779444051,92.6433990895296,97.0,32.0,147.0,115.0,0.2338002353315019,252.50455235204856,303.77996965098635,-1
103671,785,0.7564536606178601,59.4518228995551,44.972549062773176,673.0336213336323,68.24221567329127,0.2300686039910162,106.04374678332476,113.0,3.0,171.0,168.0,0.2684540807771884,215.1811631497684,308.32166752444675,-1
103671,786,0.8192008182402162,65.35853634867061,53.541766455813885,805.3422791987344,74.43117626371358,0.2228863349757489,109.09164110429448,116.0,2.0,176.0,174.0,0.2463485405924197,211.9340490797546,302.2273773006135,3
103671,787,0.7360371341610931,66.8997470535794,49.24069809741861,661.4356415871855,74.09453421137081,0.2646541562405537,114.28305701577032,118.0,5.0,185.0,180.0,0.2708051648462513,213.8742418115649,301.20824909017387,-1
103671,788,0.6441847805040467,69.88940867358585,45.02169338595152,791.2173875177062,75.58438992278762,0.2140965245390608,119.46755479157714,123.0,25.0,203.0,178.0,0.2890968653513278,214.1830683283197,299.5212720240653,-1
103671,789,0.6559986871917014,58.09565783108913,38.11067526873276,614.2640687119315,63.13477647065839,0.2297547258594657,120.90813810110974,129.0,20.0,195.0,175.0,0.2779141915797123,217.33230579531445,301.1972872996301,-1
103837,381,0.8806471071844143,57.37912972329244,50.53076460357673,642.8498551495584,67.67569726275453,0.254856670917548,70.60073597056117,70.0,6.0,178.0,172.0,0.3168177228752616,225.2129714811408,198.67985280588772,3
103837,382,0.733168723560129,74.0275831668621,54.274708658689576,1054.8052659963842,85.09406559801923,0.1749190641955017,77.14064190407501,78.0,3.0,194.0,191.0,0.3073854068305093,241.84529390551748,191.97692030292103,-1
103837,383,0.6922545526066121,81.8101721485697,56.63346411937804,1146.5037508062092,92.78469701410896,0.1764432275411445,76.61420403250075,78.0,6.0,168.0,162.0,0.3416908697431494,244.26421907914536,192.6662654228107,-1
103837,384,0.6438259105851327,65.65112918399495,42.26789802782773,863.9108216936588,73.10950690573696,0.1814533238425881,78.81899552461462,79.0,6.0,166.0,160.0,0.3532943252687048,246.58925907508703,193.91795126802583,-1
103837,385,0.9360939606375832,47.20317481799507,44.18660687004523,694.3056992722743,57.14017850864661,0.1965523784938348,84.12655737704918,85.0,6.0,132.0,126.0,0.2909888739586133,256.67672131147543,191.72590163934427,3
103837,386,0.8860607560913817,54.5767289408823,48.358297710352566,748.2295808265263,64.00781202322104,0.2069741655640928,88.56134969325153,88.0,19.0,133.0,114.0,0.2726783720375876,257.3123721881391,198.25,-1
103837,387,0.8253036703559006,45.95214676340598,37.92447538457198,555.2935059634543,53.225933528685054,0.2245262832925051,88.07776904948939,92.0,0.0,119.0,119.0,0.3353553068164778,254.13589945011785,193.5349567949725,-1
103837,388,0.9319545345508766,44.90576782810162,41.85013395488818,656.7493500861702,55.86591089385369,0.1956231820185508,81.27017024426351,82.0,12.0,112.0,100.0,0.5937181713137348,256.5477424130274,199.0421909696521,-1
103837,589,0.6300733825478425,64.45113196068614,40.60894272350687,910.6559876977194,69.85699678629192,0.1669327120482175,64.94870438921205,69.0,4.0,168.0,164.0,0.3141018954489816,241.99101004759387,272.90058170280275,3
103837,590,0.6938556715413948,72.7186143905461,50.45622302151209,971.1656556895982,82.97590011563598,0.1793969839376966,88.07111111111111,92.0,7.0,132.0,125.0,0.3707845321905928,246.17454545454547,270.8036363636364,-1
103837,592,0.6748491610553232,84.08881462172967,56.74726600161086,1164.8296526140116,91.7877987534291,0.17558985161014,90.49352179034156,91.0,6.0,144.0,138.0,0.3377593122096112,242.3698468786808,267.6528268551237,-1
103837,593,0.5838294978236169,91.77031940319615,53.57821949228093,1121.533188057735,95.96353474106714,0.1846278930663415,92.7315320494395,93.0,7.0,153.0,146.0,0.3166563128617721,241.51882724920955,265.7206093705088,-1
103837,594,0.4694386193550209,99.64585117757112,46.77761080125487,1180.7291475506229,106.21675950620975,0.1730431697118632,85.42490410150486,85.0,14.0,156.0,142.0,0.2932342073852354,238.64296252581883,263.3543818235468,3
103837,796,0.610240951545784,57.36354670231734,35.00558532366315,734.4722215136454,63.06346010171025,0.1772372620376965,72.18880114860015,77.0,7.0,135.0,128.0,0.3608788481428782,217.4443646805456,268.5585068198134,-1
103837,797,0.7001060934084985,62.57493397984629,43.8090925739249,800.9331162702441,68.00735254367721,0.1943903917449288,83.56018283392585,85.0,4.0,168.0,164.0,0.307213046507303,208.69222955815133,271.59928897917723,-1
103837,798,0.6941909468670995,67.16195855975222,46.6232236060433,880.0529573173899,79.40403012442127,0.1885890184944078,75.3659839715049,78.0,3.0,149.0,146.0,0.2914126944983423,202.9648263579697,268.26357969723955,-1
103837,799,0.6558585108642592,81.00011248104549,53.12461315165599,1092.0773439350237,85.98255637046388,0.1773766450649952,79.70292474531712,82.0,4.0,124.0,120.0,0.2957649741372672,205.76109102859024,252.62635557016105,3
103837,800,0.5489699901884326,86.7996753479279,47.65041692411113,980.236723501464,92.28217596047462,0.1977633756637484,86.84087926509186,88.0,3.0,150.0,147.0,0.3041904764365084,211.76541994750656,244.45144356955385,-1
103837,801,0.5319538982416595,81.09559140875021,43.13911598009751,842.7564927611078,84.90583018850944,0.2120338296552812,93.27117988394583,93.0,5.0,148.0,143.0,0.4055132833749237,213.3365570599613,240.60657640232108,-1
103837,803,0.8580750966291072,39.154370718131965,33.59739043741297,493.2102448427685,45.65084884205331,0.2156225102100902,80.68682505399568,82.0,4.0,198.0,194.0,0.4339783270902043,205.35961123110152,263.3077753779698,-1
104019,389,0.6759126564711272,34.588060120384235,23.37850759815197,325.44574285495025,38.8329756778952,0.2534694179619617,119.25178571428572,117.0,40.0,215.0,175.0,0.3324681122448979,254.92857142857144,228.36607142857144,3
104019,390,0.7371522466321684,43.14257897882978,31.80264901975013,584.6488450227819,50.60632371551998,0.1801221793489558,106.39087947882736,121.0,6.0,182.0,176.0,0.195205136276129,258.814332247557,226.2160694896851,-1
104019,392,0.9650224496785974,35.68667687538968,34.4384443391771,604.2224381515887,42.72001872658765,0.1615260920128589,117.70759493670886,134.0,21.0,189.0,168.0,0.1979650697003685,261.81898734177213,227.4430379746836,-1
104019,393,0.6018966960015348,38.96048490856656,23.45018714108388,401.6711395993671,42.37924020083418,0.2150936186686986,98.01130856219709,93.0,19.0,158.0,139.0,0.2375059048285185,259.907915993538,228.9499192245557,-1
104019,595,0.6976138731193214,56.527189511464414,39.43415161164258,703.3767670841398,68.24221567329127,0.1887082640797318,98.66411682892908,106.0,9.0,184.0,175.0,0.2019697810860007,252.84700973574408,285.35118219749654,3
104019,596,0.711010994941036,57.75951055421479,41.06764706645952,711.1168824543179,68.24221567329127,0.1947656421444918,128.17101080737444,140.0,10.0,202.0,192.0,0.3212285027577173,255.26064844246665,284.61538461538464,-1
104019,597,0.7387603605954186,63.29981256592394,46.76339235682438,921.2661607529864,72.47068372797375,0.1704825616966691,118.39020771513351,130.0,7.0,206.0,199.0,0.2799135327422096,254.40751730959445,285.0192878338279,-1
104019,598,0.7707384161519384,56.095210510798616,43.234733702802494,870.597113194674,63.06346010171025,0.1642661989548725,106.14624037892244,117.0,4.0,173.0,169.0,0.2535091935033254,255.8087625814092,284.4357608052102,-1
104019,599,0.5883050730343677,59.731942384698336,35.14060472711461,584.2224381515887,64.00781202322104,0.2309329742175929,100.0054054054054,104.0,10.0,226.0,216.0,0.1887563915266618,252.49594594594595,292.99594594594595,3
104019,804,0.6156039515869074,40.1374564755686,24.70877681300753,443.02647865869466,45.65084884205331,0.2035295107256521,111.98074074074074,123.0,10.0,184.0,174.0,0.2485223593964334,218.3303703703704,307.3851851851852,-1
104019,805,0.7402603012021389,49.62492738290618,36.7353636916044,618.4478348960054,57.14017850864661,0.2036655394926108,103.30245022970904,111.0,11.0,142.0,131.0,0.3201398188124547,218.3874425727412,304.50995405819293,-1
104019,806,0.6636850511503259,53.76765094096717,35.684786164988665,712.6316010800792,60.53924347066124,0.179595467838239,101.19910846953938,111.0,4.0,170.0,166.0,0.207245506470109,217.32466567607727,299.27117384843984,-1
104019,807,0.7924084885590542,47.82991681609079,37.900832092143794,614.0214280248122,52.80151512977634,0.206993851353589,90.55052790346907,94.0,6.0,149.0,143.0,0.2117733507139948,219.05957767722472,296.14102564102564,3
105187,418,0.8339811574566576,45.83843635424735,38.22839220671853,531.8132752230982,52.80151512977634,0.2330613146223208,115.13221153846152,119.5,3.0,178.0,175.0,0.342300244493754,252.39983974358967,196.17868589743588,-1
105187,419,0.6510989594369953,55.64018663762935,36.227267622640674,611.6782822743045,59.13543776789008,0.2207195171984827,117.29368279569891,123.0,6.0,213.0,207.0,0.2942256691525032,249.4233870967742,194.0174731182796,-1
105187,420,0.8111790534174349,42.8915663162199,34.792740163982394,577.6782822743046,49.72926703662542,0.1964151001536761,127.484934086629,140.0,9.0,192.0,183.0,0.2824770092317732,249.5084745762712,194.9030131826742,-1
105187,421,0.8797502898133917,34.66298762464583,30.49477340858018,458.9259735953065,43.86342439892262,0.2042212273602751,101.2931506849315,111.0,9.0,173.0,164.0,0.188947269656596,247.03013698630136,192.8397260273973,3
105187,621,0.6645917724296947,34.20230851817017,22.730572839277954,403.8132752230981,40.44749683231337,0.1915260342575261,76.93027888446215,85.0,8.0,153.0,145.0,0.1911795050872208,251.88844621513945,275.6414342629482,-1
105187,622,0.5573571411625771,44.23629758052897,24.655416355100648,445.02647865869466,50.0,0.2131452169114055,78.08479138627187,81.0,9.0,138.0,129.0,0.2610221194133129,261.42799461641994,277.35531628532976,-1
105187,623,0.7340794767788887,54.13941360347084,39.742632411151725,564.0214280248122,61.84658438426491,0.2473631695795449,103.67109424414927,111.0,4.0,166.0,162.0,0.3698661484956759,264.0885515496521,276.0993042378242,-1
105187,625,0.8030157301564881,60.04501974783746,48.21709537507044,858.0702012600926,67.67569726275453,0.18855009118309,109.52673545966228,116.0,8.0,212.0,204.0,0.2568600860997786,263.00422138836774,274.4235459662289,3
105187,626,0.7003416536212477,59.70767632721971,41.81577277288728,644.6488450227819,65.73431371817918,0.234787546451747,113.23845327604728,120.0,14.0,173.0,159.0,0.2844400013383158,263.1482277121375,275.4183673469388,-1
105187,627,0.5080524890866386,63.71443999175022,32.37027982856996,704.0041840821094,67.06713054842886,0.1919386778495895,106.85848423876593,112.0,6.0,241.0,235.0,0.2312470845641701,263.48893360160963,274.5224681421864,-1
105187,833,0.8605953068697344,37.63552727803671,32.38895814704626,513.7544007200526,45.65084884205331,0.1958313191533819,90.7797833935018,100.0,9.0,147.0,138.0,0.2640910795715367,198.2346570397112,271.51744885679904,-1
105187,834,0.8023387272173007,40.050570064375286,32.1341234097782,409.1269837220829,46.14108798023731,0.2620225463627594,101.3244680851064,109.0,8.0,141.0,133.0,0.3315278406518787,193.92127659574467,271.42021276595744,3
105187,836,0.928353802856177,42.93576050936611,39.8595765473921,580.0214280248122,55.86591089385369,0.2123315493975074,100.49717969379532,110.0,3.0,162.0,159.0,0.2821948975411033,194.85012087026595,267.99435938759063,-1
105187,837,0.9970098408809772,40.92119348378868,40.79883260393183,497.10973977938033,50.60632371551998,0.2472321203680296,106.75425790754258,115.0,1.0,162.0,161.0,0.2630348571883372,195.6050283860503,268.676399026764,-1
105187,838,0.8683707568529427,45.47660631668505,39.49055504632311,562.9503602129466,53.225933528685054,0.2251568669476343,85.5388719512195,96.0,2.0,135.0,133.0,0.2575847709696609,197.0602134146341,266.1432926829268,-1
105187,839,0.7675146871923322,39.97983736231011,30.685112367133755,441.9137802864864,46.14108798023731,0.2308248467729342,95.77634660421546,103.0,2.0,142.0,140.0,0.2193918685453219,200.55269320843087,269.7166276346604,3
105937,2068,0.7824611661275197,69.63661144495877,54.48794419639143,992.3199846221494,77.62087348130012,0.1879643374053174,104.16454802259886,109.0,3.0,149.0,146.0,0.2680713157138753,272.5381355932203,100.65218926553672,-1
105937,2079,0.773434398242507,81.83240257343718,63.29199504112497,980.1778489984184,90.95603333479312,0.2248260881939611,114.83180428134555,119.0,5.0,155.0,150.0,0.3447994047971603,273.9847094801223,102.74413863404688,-1
105937,2090,0.8613106707617704,80.1408214909291,69.02614471375145,1000.597113194674,90.0,0.2293804093416332,91.34495758718192,95.0,10.0,128.0,118.0,0.3615738269073776,274.0089538171536,101.07115928369464,-1
105937,2101,0.902084363825974,68.80248590678192,62.06564672886491,928.011326757047,78.0,0.2158157303774439,106.93582227707498,111.0,23.0,141.0,118.0,0.3826207166528894,276.65257636531936,97.70657204566491,1
105937,2534,0.8196091537940429,78.17944660903453,64.07659007931736,1042.923015002477,85.7962703152066,0.2089493990795518,104.50117279124316,107.0,19.0,139.0,120.0,0.3810717409441247,278.7602293458432,119.83007557988012,-1
105937,2535,0.7739383632555304,87.4045559713527,67.64573898954511,1001.9940828143446,97.082439194738,0.2360705105211009,103.56572821990687,107.0,14.0,157.0,143.0,0.3824318996383185,280.8044779428065,118.65550875637332,-1
105937,2536,0.7428718541404958,83.66829541303454,62.15482174625571,1025.023520065867,91.7877987534291,0.2140419182965374,96.34303373680144,102.0,7.0,124.0,117.0,0.4202331670324278,285.2763327324234,122.3087818696884,-1
105937,2622,0.8622525310710025,80.96742357933283,69.81436591557771,1000.923015002479,92.28217596047462,0.2315511366828874,154.66381897945047,165.0,72.0,192.0,120.0,0.4001480256414999,275.18217501731704,268.2013391826368,1
105937,2633,0.8648852084623748,89.19512990096163,77.14354851822179,1191.6164491784125,101.11874208078342,0.214644875410694,151.98160439977244,158.0,20.0,194.0,174.0,0.5592784902056783,273.77451166318986,268.20690309121943,-1
106442,2157,0.8539415433577658,71.08148559435371,60.69943351260521,901.2834046956892,78.81624198095213,0.2216930942007584,127.70542635658914,140.0,42.0,194.0,152.0,0.2480823027462292,207.1627906976744,194.32527131782945,-1
106442,2168,0.9775211495823216,76.17217605325266,74.45991310176252,1158.1017305526543,89.10667763978185,0.1992920294412511,123.02323960027888,133.0,25.0,162.0,137.0,0.4207817762648124,209.05647222867768,195.22588891471068,-1
106442,2179,0.8936464605093608,77.33315992715323,69.10850464890483,959.3077913133292,90.60353193998566,0.233724423721336,119.27747658945292,128.0,8.0,171.0,163.0,0.2227496762687701,208.52562838836863,195.6658452439625,1
106442,2541,0.928094461264495,58.1976871486393,54.01295110105601,823.0580079512724,68.24221567329127,0.2066236251680314,138.11559711007226,148.0,55.0,176.0,121.0,0.3174909046313366,395.00297492562686,194.86230344241395,-1
106442,2542,0.8424449153754465,73.88646222534798,62.24527441682441,978.9230150024788,85.98255637046388,0.2111988896083227,126.69295205083766,135.0,35.0,180.0,145.0,0.3430015608933636,393.817735413056,196.99191218948584,-1
106442,2543,0.8573097460421544,88.06902039540466,75.50242950936568,1412.1677477306066,99.29753269845128,0.1752603525127042,115.58836598666936,125.0,22.0,160.0,138.0,0.2752519020882532,401.159361745102,198.65825085841243,-1
106442,2699,0.9548975966108556,60.32230522731579,57.6016242835903,669.2346314604089,73.10950690573696,0.269546987846486,76.27657142857143,82.0,13.0,106.0,93.0,0.4355278367346939,210.456,381.18209523809526,1
106442,2710,0.7035092577558071,88.87780711251168,62.52636011268688,954.8225099390908,99.76472322419384,0.238347134562006,103.5134163871586,108.0,26.0,141.0,115.0,0.3538011910728542,210.1715380929564,389.3186391950168,-1
106442,2721,0.8157702624910645,70.06050169002695,57.15327385392896,845.141269071958,78.0,0.2292606818620615,99.55003291639235,104.0,3.0,168.0,165.0,0.3971073447111224,204.6435154707044,380.88907175773534,-1
106442,2733,0.6496094928041053,58.9532445148025,38.296587268417255,650.3473298326171,67.05221845696084,0.2205719206513491,94.46638905413444,98.0,35.0,144.0,109.0,0.3409640801185946,208.34086853063653,378.5883402736466,-1
106534,2190,0.8921177764672316,42.78823065881291,38.1721411943072,432.256926036994,50.60632371551998,0.2823073247458414,107.13327814569536,109.0,26.0,159.0,133.0,0.3820542410420595,261.6291390728477,131.0016556291391,1
106534,2201,0.844476737127896,46.41453206759301,39.19599259575904,546.4823227814107,57.14017850864661,0.2310330170198767,96.53436293436292,94.0,37.0,185.0,148.0,0.257176249608682,261.3930501930502,136.5876447876448,-1
106534,2545,0.6985266850795752,50.303043781740456,35.1380184222719,468.6833329081872,56.302753041036986,0.2710768789202488,79.01986249045072,78.0,18.0,140.0,122.0,0.291464568326115,384.7761650114591,159.63636363636363,-1
106534,2546,0.747416229682441,41.986788744023656,31.38160733953132,470.5828278447989,52.80151512977634,0.223338345410006,77.00659340659341,80.0,29.0,113.0,84.0,0.4892090327255163,383.9967032967033,159.62087912087912,-1
106534,2744,0.9274786746648558,40.58665411420565,37.64325616692437,620.9503602129466,50.60632371551998,0.1842373531923936,102.04419889502762,103.0,30.0,169.0,139.0,0.2770129795251129,251.08379373848987,396.1933701657459,1
106534,2755,0.8261272505426686,42.40743155283226,35.033934831317715,557.0092347159921,50.0,0.2043486952892358,98.53001876172608,93.0,15.0,192.0,177.0,0.2484203893850166,251.1988742964353,394.1472795497186,-1
106592,2547,0.7216850956316503,78.44207629401083,56.61047733178841,1170.3443712397705,92.0271699010678,0.1560273768879375,129.07278712509145,143.0,4.0,213.0,209.0,0.2419958591290471,305.31894659839065,289.1415508412582,-1
107946,2578,0.5538494555153778,152.53482440593024,84.48132944435822,2102.071426749267,156.7801007781281,0.1521585428043809,100.65939393939394,101.0,14.0,207.0,193.0,0.2330842093663912,343.7236363636364,268.77381818181817,-1
107946,2579,0.5358704537083692,174.5299705787497,93.52545451974292,1984.0297961889207,189.44656238633627,0.1895482785827567,116.02033987848904,127.0,4.0,183.0,179.0,0.3332891616064881,346.32033107334684,281.962490094215,1
107946,2580,0.7521860089526637,126.69360159280184,95.29715454192844,1821.395236516041,142.6639407839276,0.1809393359337456,108.28107489994282,115.0,2.0,186.0,184.0,0.381336874358655,351.4249285305889,279.3056603773585,-1
107946,2581,0.4856361266112988,135.62402964882102,65.86392843406941,1624.8023074034988,156.6780137734711,0.172053964145571,108.91944180145892,113.0,10.0,204.0,194.0,0.2688171264254393,351.08658420551853,284.8036790358389,-1
108479,2907,0.3681878943100165,151.06418830640075,55.62000539818551,1381.883476483157,154.20765220960988,0.1922329027460227,50.43764291996482,48.0,23.0,106.0,83.0,0.4730249874494205,206.1305189094108,168.72489006156553,-1
108479,2908,0.4192135891152353,166.95417773747192,69.98946006710852,1798.1059146346918,162.4130536625674,0.1659198258919242,55.0552232577549,53.0,34.0,102.0,68.0,0.4764456856999789,200.8643761301989,180.0919460286549,2
108858,75,0.9658726395173456,55.02935990163177,53.15135309913906,711.7026688919448,65.79513659838392,0.2285785750418161,66.10418604651163,55.0,2.0,188.0,186.0,0.2546985397512169,258.9418604651163,247.4372093023256,-1
108858,76,0.9567209603654308,55.802002809121625,53.38694571785731,708.2468247692289,66.48308055437865,0.2327277338527837,84.81434407625964,75.0,5.0,222.0,217.0,0.2173079708704076,258.7453472537449,251.12573763050383,-1
108858,77,0.484718402916435,78.14340273862292,37.87754537392107,759.116882454318,83.24061508662703,0.2154180517302696,104.37494242284662,101.0,21.0,204.0,183.0,0.1880113917365991,264.36526946107784,261.8636573007831,-1
108858,78,0.5087458587941662,59.17684748071915,30.105976092309856,659.6782822743046,63.52952069707436,0.1890363613423472,82.50552050473186,79.5,19.0,200.0,181.0,0.261332086098976,252.0205047318612,270.8383280757098,3
108858,79,0.8687403939503072,54.943583941466585,47.731710758351454,706.4305909533027,66.48308055437865,0.2193068102007139,52.11915767847971,53.0,4.0,85.0,81.0,0.4523285135178269,266.2804314329738,269.95839753466873,-1
108858,222,0.6515381876230069,48.99108578259751,31.91956324047684,560.6660889654845,56.302753041036986,0.2092699322489154,81.38263950398583,79.0,2.0,213.0,211.0,0.1677656689216807,231.49512843224093,263.806908768822,-1
108858,223,0.7113875470873996,52.89865102840768,37.63144159933128,673.5777772109163,60.166435825965294,0.1971620795014738,63.99166666666667,59.0,3.0,166.0,163.0,0.2429513888888888,227.7513888888889,253.76041666666663,-1
108858,226,0.6652155713038864,59.50195841226444,39.58162925891458,717.3767670841398,65.73431371817918,0.2030223477366064,73.68674001158078,60.0,2.0,193.0,191.0,0.2063956461110688,229.30573248407643,256.0156340474812,3
108858,227,0.8553111953572801,48.53351082892637,41.5112551619745,632.0630585851549,55.7584074378026,0.2130111978186334,71.98916723087339,66.0,4.0,205.0,201.0,0.2002279135413739,230.4380501015572,255.39878131347325,-1
108858,228,0.5764481199503616,60.76077750722335,35.02543596076112,764.6316010800793,66.85057965343307,0.1743937470716638,83.5389876880985,84.0,5.0,206.0,201.0,0.1957047763590531,234.62311901504788,263.8358413132695,-1
108858,3011,0.7023132022972688,53.99734693104153,37.92304963869637,751.8031739553331,60.166435825965294,0.1774008571878739,78.29138166894664,79.0,4.0,172.0,168.0,0.1910281626091724,256.6340629274966,220.55061559507524,-1
108858,3012,0.5924540413521626,73.40297531980862,43.48788937549367,833.6437943888993,79.40403012442127,0.2022640524624264,68.87022569444444,70.0,2.0,133.0,131.0,0.2355568968219521,254.40842013888889,218.07465277777777,3
108858,3013,0.6282728756707764,62.5712517685082,39.31182028292079,751.4600282048256,68.00735254367721,0.1980448759803974,59.88433868289983,52.0,1.0,128.0,127.0,0.2871679923950669,254.00332042058665,217.28776978417267,-1
108858,3014,0.8102535624288713,44.40924540073661,35.982749290724804,612.6488450227819,53.225933528685054,0.1919936974388827,58.70402802101576,51.0,10.0,129.0,119.0,0.2951914023082986,254.88091068301225,217.85201401050787,-1
108858,3015,0.7966992895449575,38.91439542418565,31.003071187520256,455.6538956566644,45.65084884205331,0.2252121692061977,71.08535178777393,67.0,21.0,136.0,115.0,0.2455044572955038,256.4878892733564,220.5767012687428,-1
109411,213,0.8242264029941039,37.59266586781127,30.984867767185303,602.9503602129466,46.14108798023731,0.1591208857279768,85.87305699481865,87.5,11.0,129.0,118.0,0.304118902520873,134.8484455958549,220.119170984456,1
109411,2334,0.6596566448880493,33.71055414583305,22.23739104515716,385.2863632885167,38.8329756778952,0.1891187769825353,101.47216035634744,107.0,34.0,163.0,129.0,0.2298946929826737,140.96213808463253,153.93095768374164,-1
109411,2598,0.9073420669599068,34.18698136375898,31.019286333712888,487.7127701597099,43.86342439892262,0.1907184801286024,110.33519553072624,106.0,17.0,188.0,171.0,0.1840142317655504,224.50837988826817,182.44553072625692,-1
110116,269,0.789824616306533,106.61050345562836,84.20359998608798,1550.2165209658704,129.40247292845683,0.1610878669975078,123.96044303797468,134.0,0.0,218.0,218.0,0.3125451431311087,221.2505933544304,226.9576740506329,-1
110116,2339,0.6526885651484644,108.09796856623552,70.55430799896006,1450.6357851621487,117.64777940955793,0.1838137591648012,114.06032078103208,124.0,1.0,220.0,219.0,0.1595059415782092,227.8913877266388,318.5800209205021,1
110116,2340,0.6243402473085057,113.29588841038084,70.73518298917404,1380.469262920777,118.59595271340416,0.1933784230843421,120.98676419366076,133.0,2.0,226.0,224.0,0.2525979840684557,225.7830024381749,319.8855799373041,-1
110116,2341,0.6393483228477347,112.90768656728524,72.18734004341151,1410.493649538413,117.64777940955793,0.1863613773431501,110.44540075309304,121.0,4.0,189.0,185.0,0.2709736115206384,226.1283844360768,321.25623094853864,-1
110116,2342,0.7673944575492275,76.70657718605541,58.86420219015095,1066.9301576774108,85.44003745317531,0.1795089011820289,116.51539491298529,122.0,16.0,224.0,208.0,0.2219520652892695,217.4805890227577,330.2663989290496,-1
111785,141,0.9287531550954454,63.13775895611784,58.63939283615016,851.3250352560319,73.10950690573696,0.2158456796005176,86.7824023366192,95.0,5.0,181.0,176.0,0.2745230315533433,250.0898138006572,263.44213216502374,3
111785,142,0.9048916899326106,66.98746979957296,60.61640475124529,929.023520065867,78.49203781276162,0.2095877415858626,102.3342019543974,111.0,3.0,172.0,169.0,0.454839626945644,249.4758957654723,259.8957654723127,-1
111785,143,0.7510989752315103,67.7718248762581,50.90334821412684,788.4133470106001,74.94664769020693,0.2280049252515973,107.0038153376574,113.0,6.0,160.0,154.0,0.4601575249711011,251.211369706219,256.04311331552844,-1
111785,144,0.6522650401176519,70.60719269821449,46.05460337789565,806.5138520739883,75.58438992278762,0.2153719702917211,108.96772875816994,115.0,7.0,186.0,179.0,0.4175183690033748,248.2696078431373,256.9852941176471,-1
111785,145,0.635552852065245,71.5562087635753,45.47775256266636,813.2590180780489,78.0,0.2116420185167368,91.59034138218152,93.0,11.0,191.0,180.0,0.2306574246690067,246.48626144879267,261.3413821815154,3
111785,272,0.6367422451406752,58.37046444742336,37.16694058215632,544.5239533417534,63.52952069707436,0.2570873055814574,114.6972938955318,117.0,17.0,187.0,170.0,0.3677798236063624,224.5896790434236,251.91567023285089,-1
111785,273,0.6600318532528072,68.0693542115515,44.927942009972114,812.9158723275415,74.43117626371358,0.2044899380580986,84.81700801424755,88.0,9.0,137.0,128.0,0.4253728207027196,221.7052537845058,255.7782724844168,-1
111785,274,0.7097599076177527,66.42844676037674,47.148248235835794,799.1168824543179,70.68238818828917,0.2123279519823466,78.83190394511149,86.0,6.0,126.0,120.0,0.4069766158951893,223.23713550600343,256.34476843910807,-1
111785,275,0.7272465504170116,57.03032892504387,41.47510997988567,722.4894654563482,64.00781202322104,0.2013765613058799,93.94373549883991,102.0,3.0,151.0,148.0,0.371962494818611,222.0991879350348,260.7668213457077,3
111785,3055,0.7187588026591274,65.3532295083736,46.97320899134576,819.844804515676,74.43117626371358,0.205008296369266,81.0052401746725,84.0,0.0,147.0,147.0,0.3935615262866841,262.071615720524,216.8187772925764,-1
111785,3056,0.8199584186936184,56.289708451096935,46.155220330286255,732.5899705197365,63.52952069707436,0.2100593581897475,85.87727509100364,93.0,2.0,145.0,143.0,0.3221059679620674,257.4919396775871,217.9152366094644,-1
111785,3057,0.9279151581514654,45.829908632778846,42.5262669170522,492.8254685319183,55.17245689653489,0.2711495122206233,95.25465838509317,103.0,9.0,154.0,145.0,0.3488038917870586,251.88060731539,218.7135955831608,-1
111785,3058,0.8773934096427499,47.9792174750465,42.09664921242207,635.335136523797,57.14017850864661,0.2122077676749588,95.87306917394224,112.0,10.0,158.0,148.0,0.2745357605651653,251.2578912021491,221.57421087978508,3
112105,2778,0.6359416444092212,164.76335665026312,104.7798799665513,1932.716087689944,176.4652940382329,0.2099009933954838,40.56551671962475,41.0,3.0,92.0,89.0,0.645978304709775,333.00317748524736,258.9767740959298,-1
112105,2779,0.749313810948771,172.834004732595,129.5069067477187,2370.9141392239244,197.06090429103384,0.1909337924922242,64.72195210890969,64.0,1.0,209.0,208.0,0.5028932371419345,312.05409019083504,235.09280418135407,-1
112105,2780,0.7367000815121523,186.2378290038368,137.2014238077728,2174.1374439272663,196.3288058334793,0.2269310679060719,71.92437836452191,69.0,21.0,178.0,157.0,0.4613564995362996,312.40164060497307,248.1593437580108,-1
112105,2781,0.6611337350806786,199.08140492540176,131.6194328234399,2347.735423673736,202.0717694285869,0.2145397673185071,66.11900777635594,64.0,5.0,197.0,192.0,0.5083826379000896,316.70528595334184,254.733487547987,2
112105,2782,0.6424570130023468,189.7365121059722,121.89755282508652,1992.3830432072168,199.8499437077729,0.2382873272679503,62.52640044370494,60.0,20.0,157.0,137.0,0.5430109059006544,315.997892401553,253.003993344426,-1
112105,2783,0.6301735905029154,177.6958225759462,111.97921453005306,2268.0613254815144,185.0837648201484,0.1927812128695611,46.48312703583062,46.0,12.0,90.0,78.0,0.5534950779318614,322.1011074918567,249.1142019543974,-1
112105,2784,0.6643993764538682,150.02083032191908,99.6737461209746,1964.47344700282,157.2800050864699,0.1891206845174365,49.58153153153153,50.0,15.0,91.0,76.0,0.5018768281795309,326.0006306306306,245.30243243243245,-1
112105,2823,0.7260055820881106,101.87745847944504,73.96360354502681,1221.8418459228303,108.78419002777932,0.2169375261028096,61.45140236373258,60.0,11.0,189.0,178.0,0.4790555512286698,324.14905627094726,249.14217675074968,2
112105,2824,0.6589024829227289,120.23237047836052,79.22140743587715,1492.9200564096016,132.60844618650805,0.2018237527058563,63.14012041598249,61.0,34.0,166.0,132.0,0.6104719048847355,317.11986863711,248.046113847838,-1
112105,2825,0.4725715661547636,126.8999723540807,59.96931868036412,1483.3464632807927,135.07035203922436,0.1715756305113735,78.48233721596334,75.0,24.0,144.0,120.0,0.3674173013372739,309.50525109795683,247.81859843421807,-1
112105,2826,0.7993362175710091,146.91738169935297,117.436384182997,1851.561758757401,157.17824276915684,0.2199983822880761,65.92219885851607,65.0,19.0,230.0,211.0,0.5243777183694165,325.5922198858516,256.9323370381496,-1
112105,2827,0.7945368597738176,158.50673064674945,125.93944002108265,2013.8043994445056,171.95638982020995,0.2183096200218282,65.73008592286324,66.0,3.0,227.0,224.0,0.5752253612311224,327.22882615156016,258.52690742296016,2
112105,2828,0.848438791627182,166.1701710116675,140.98521909762138,2312.5810947411733,178.71765441612084,0.2045546881862577,70.84296230202989,71.0,0.0,240.0,240.0,0.4629347458256683,323.02693508811063,259.50853223287976,-1
112105,2829,0.8373104702417076,161.3921985289911,135.13537764365256,2365.2572849744192,180.60177186284747,0.1919295507765842,70.8158085569253,70.0,5.0,143.0,138.0,0.4999680173889581,317.1266014019821,260.6046047860769,-1
112105,2830,0.7564430972927233,177.68630532372646,134.40957914558015,2160.581094741148,193.9123513343077,0.2178669264270173,75.4441125077504,74.0,18.0,192.0,174.0,0.4280648031147664,315.75283242207314,257.1091257539034,-1
112105,2831,0.764823490346858,163.0477768909362,124.7027698150216,2312.144586602212,181.2070638799713,0.1873949895213604,70.18224020160488,69.0,15.0,159.0,144.0,0.4760176987885026,313.33543338417667,253.67829431659925,2
112105,2833,0.7609616956221972,136.21730068115212,103.6561480994082,1832.5911960089263,147.63468427168462,0.2003729984497856,67.92579603137979,66.0,3.0,196.0,193.0,0.4923792449097498,314.0356252884172,264.4359021688971,-1
112105,2834,0.6440820965178342,121.85077088771187,78.48189997567175,1377.1799410394328,128.01562404644207,0.2118149867610929,87.63510156364168,85.0,23.0,189.0,166.0,0.3633157051233797,311.0501242145258,257.1006868332603,-1
112105,2909,0.6667374577158571,164.48353615798496,109.66733473408917,2045.9709216858664,179.42407865166817,0.2032388838931935,82.78354229716098,80.0,39.0,180.0,141.0,0.4011717637990051,249.091944084162,247.1452658884565,-1
112105,2911,0.7113216873832504,181.3000123078838,128.96263067744798,2407.240041031718,195.72429588582,0.1963316597519202,74.06587762393926,70.0,27.0,213.0,186.0,0.4083972464458767,243.8597029924073,247.0563309513176,2
112105,2912,0.812365165402864,188.02362629239056,152.74384427266415,2550.9801564019244,202.38824076511955,0.2043364213985528,74.98888429562261,73.0,17.0,213.0,196.0,0.3816009222281155,244.1850626980846,244.709705571632,-1
112105,2913,0.8346668289477122,186.96721029298823,156.05532853244853,2675.7913395839687,205.44829033116824,0.1972873278854189,77.32741935483871,75.0,10.0,198.0,188.0,0.3697194601816524,248.6636200716846,245.5131720430108,-1
112105,2914,0.6178474048799077,183.2617202956224,113.22777829847784,2036.7404743075745,192.04426573058612,0.2189515168892171,44.49746033736753,43.0,11.0,126.0,115.0,0.6679481672863898,250.18348278673105,250.9029911582116,-1
112105,2915,0.5999492712822846,184.029858510412,110.4085795075036,2288.8653659886268,201.8142710513803,0.1877007536003208,36.95099230457675,36.0,1.0,92.0,91.0,0.8326511512203645,259.6535034426893,255.4297961387876,2
112649,4,0.7784231141789615,57.23375066582904,44.55207442943685,729.661038331602,64.00781202322104,0.2091042613681256,97.12275132275133,104.0,2.0,175.0,173.0,0.3709716973209037,250.9037037037037,222.22222222222223,-1
112649,5,0.7920135459925766,59.33018182289961,46.99030768993903,683.5605332682137,68.24221567329127,0.2346318005818511,97.5646551724138,105.0,0.0,165.0,165.0,0.3087644595645983,252.102490421456,222.433429118774,-1
112649,6,0.7558845114864183,56.01084136499584,42.33772746312315,742.0041840821096,63.06346010171025,0.1969514408012266,101.61458931648478,113.0,4.0,190.0,186.0,0.1978610931215629,252.8093049971281,224.9103963239517,-1
112649,152,0.7417305512141921,55.03928141385656,40.82431654153286,596.8498551495584,60.53924347066124,0.2422065947343338,101.1575221238938,110.0,2.0,172.0,170.0,0.1939018978254627,259.19233038348085,243.72802359882007,3
112649,153,0.9145223330872022,55.87558628390119,51.099471530968586,705.2762620207516,64.00781202322104,0.230250272073014,102.8351288056206,112.0,4.0,190.0,186.0,0.3599131240779031,255.1789227166276,244.0711943793911,-1
112649,154,0.8787680529937768,59.7373496423005,52.495274436172906,795.6021638285564,68.24221567329127,0.213939777436573,104.15093537414964,110.0,1.0,191.0,190.0,0.3999823568883336,255.99149659863943,243.25340136054425,-1
112649,155,0.8068848774842369,65.87721429686225,53.15532798692651,870.999133448227,74.94664769020693,0.2066467910189708,94.49581430745816,104.0,5.0,196.0,191.0,0.290953413537388,256.4581430745814,242.84094368340945,-1
112649,156,0.477466425182361,67.11093679406996,32.04321908170396,670.4478348960054,68.00735254367721,0.2061058371145209,116.09871794871796,117.0,21.0,240.0,219.0,0.1596761998685075,255.65320512820512,246.34102564102565,3
112649,157,0.3582418916939452,86.60659893423042,31.02611183537753,753.6194077712593,83.24061508662703,0.2025385622309691,95.353626257279,92.0,19.0,234.0,215.0,0.1630461497157907,255.02329274748544,254.51032292218105,-1
112649,282,0.9853998656634362,46.6250791615781,45.94434674236614,686.4894654563481,57.14017850864661,0.2022148031711982,95.16560913705584,107.0,2.0,180.0,178.0,0.3915425545620861,240.83883248730965,271.9631979695432,-1
112649,283,0.8312033167221594,53.70191711808912,44.637211622894185,690.5899705197364,60.53924347066124,0.2141517753174529,91.60764474423834,101.0,2.0,165.0,163.0,0.3603798737440522,240.37492973580663,272.4553119730185,-1
112649,284,0.8139592141271125,56.2760553540336,45.80641379014307,728.5899705197364,64.00781202322104,0.211576538615725,83.94971487817521,92.0,3.0,158.0,155.0,0.3153114948209385,240.55469155002592,269.0886469673406,3
112649,285,0.8542698506259127,54.171995377564855,46.27750239929996,896.8986283848387,64.00781202322104,0.1668224463227777,92.46023965141612,97.0,2.0,185.0,183.0,0.25779792672334,240.7892156862745,268.26307189542484,-1
112649,286,0.8111496529257205,47.34549935824453,38.40428537203497,623.7199128346474,56.60388679233962,0.1968409483071281,109.41632983023445,118.0,5.0,186.0,181.0,0.2558900356757979,240.232012934519,267.10105092966853,-1
112649,3063,0.8283881167568247,51.6258887647852,42.76627276975773,433.5706345359788,61.84658438426491,0.3312068898422281,88.01744885679904,93.0,1.0,167.0,166.0,0.2581546018382156,256.1143200962696,228.25451263537903,-1
112649,3064,0.7625715426641508,57.33387395758064,43.72118071074425,798.9158723275413,63.52952069707436,0.1885396206276121,96.6578234975636,108.0,2.0,209.0,207.0,0.3051340369917533,250.78668110449377,221.85977260422305,3
113614,2661,0.9014057175071736,83.1719247746599,74.97164852795498,1009.9524522540016,94.36630754670864,0.2419083218936249,110.7709590180986,112.0,26.0,178.0,152.0,0.2507079488345843,284.71895152902016,231.5090493030997,-1
113614,2662,0.8861979115136329,96.78464290021562,85.77034840476384,1254.8124086713033,107.64757312638312,0.2251105717630636,124.8295189163942,133.0,24.0,186.0,162.0,0.2934135942883333,284.9399034718979,231.3481239296279,-1
113614,2663,0.902557052612898,102.14205089695744,92.18902840539452,1474.07438534215,113.3181362359971,0.204028789799782,133.3509470216854,141.5,8.0,184.0,176.0,0.4574057437134407,284.01701894043373,231.3270656052704,-1
113614,2664,0.8774867136354549,99.65200352754331,87.44330908257275,1255.8418459228217,108.2266141020775,0.2303686611173023,142.49257719714964,144.0,48.0,222.0,174.0,0.2958101539711467,284.5910035629454,227.05923396674584,1
113741,18,0.4938550420982572,63.88933265910692,31.552069069992804,656.4062043356627,67.35725647619564,0.2030034111453904,106.09834938101788,111.0,1.0,207.0,206.0,0.3300831174826736,255.24896836313616,213.5412654745529,-1
113741,19,0.6212297925117876,59.64741383569973,37.05475052101647,674.6072144624391,71.11258679024411,0.2084098840454422,84.7172156619018,84.0,0.0,195.0,195.0,0.1646367677772752,256.1330018645121,210.2591671845867,-1
113741,171,0.5268785082422127,61.74221986266017,32.53064869680111,654.6904755831248,62.64982043070834,0.1966115270090289,110.37692872887582,119.0,10.0,198.0,188.0,0.194289758632548,250.14548126377665,263.31667891256427,-1
113741,172,0.7176165817508019,51.679423803570906,37.086011456769576,670.7909806465129,61.84658438426491,0.1938111951486575,100.31597975415762,106.0,13.0,165.0,152.0,0.2052330514788342,247.81127982646424,260.30296456977584,3
113741,173,0.4496289085358981,88.03773804072236,39.58431206521932,1013.3250352560318,93.30058949438636,0.1697483286604607,82.30523255813954,77.0,13.0,226.0,213.0,0.18938291244026,255.63413621262453,266.06021594684387,-1
113741,303,0.6061293871181793,41.612988678659065,25.22285532395136,429.47012947259054,45.27692569068709,0.196111897603814,91.93231810490694,102.0,4.0,150.0,146.0,0.2039189076989587,212.6040609137056,260.2774957698816,-1
113741,304,0.5896490082279235,42.54413938252668,25.0861095928174,512.4234482783652,45.65084884205331,0.1609068636977177,89.72552447552448,100.5,4.0,163.0,159.0,0.1783094527849772,213.08216783216784,259.6223776223776,-1
113741,305,0.6276573122691418,39.48551367162973,24.78337138470157,496.86709909226096,45.65084884205331,0.1657144639710139,100.42307692307692,104.0,2.0,181.0,179.0,0.1631253362022592,212.8776223776224,261.5856643356643,3
114018,713,0.6032451859281392,85.58763716062604,51.63033009211198,829.9280656363615,97.082439194738,0.2447744339305728,103.46345864661654,112.0,8.0,134.0,126.0,0.5731282491944146,234.1888721804512,258.1100751879699,-1
114018,724,0.8655545272290691,89.04910952079534,77.0768598914416,1300.6702730475631,99.76472322419384,0.1856307433369933,100.3763280917977,108.0,4.0,150.0,146.0,0.5135856622708955,229.5475988100297,253.9179770505737,-1
114018,735,0.882311499350843,102.81393701136903,90.71391891866416,1448.233764908585,114.28035701729324,0.2055960527768613,100.8832423351533,109.0,0.0,178.0,178.0,0.451230574996508,232.4290914181716,238.6105277894442,-1
114018,746,0.92204503653005,91.9377391027427,84.7707360094786,1350.5352800987612,103.61949623502326,0.1983257109246769,96.62528060783976,107.0,7.0,136.0,129.0,0.4818230767402636,226.74235883267136,240.2498704886893,1
114018,757,0.819785626578757,77.57181530951068,63.59225921835883,833.9696961967043,88.56635930193812,0.26007198994634,99.46366508688784,112.0,19.0,137.0,118.0,0.2605510619069763,221.79410215903107,238.99289099526067,-1
114018,2394,0.6222021358448183,97.2861958824824,60.53167886629793,1079.616449178425,105.07616285342742,0.2114984342195301,119.12577123872803,129.0,6.0,255.0,249.0,0.3270927315529472,232.42762221167536,290.1587565258662,-1
114018,2395,0.6042021814725345,128.72829894852816,77.77791904194929,1848.7160876899509,132.07573584879245,0.1604407746975347,124.99985939257591,133.0,4.0,213.0,209.0,0.3861559100669222,243.6616985376828,302.60151856017995,-1
114018,2396,0.6705377432060157,117.81422869586244,78.998887027281,1437.3464632807943,125.36347155371855,0.2066020744985028,124.76862524599382,133.0,6.0,177.0,171.0,0.4461523006700232,236.29181894855216,310.9065223502952,1
114018,2397,0.820068605944542,99.00963870926496,81.19469639137968,1389.221571599774,108.52188719332152,0.1977214357651648,108.76696795398522,118.0,11.0,154.0,143.0,0.3727834046434752,234.8190632703369,310.8631059983566,-1
114018,2669,0.7501730835073398,71.03786923799643,53.290697412058975,874.9818895055244,77.62087348130012,0.214475988741781,121.0322693791652,124.0,48.0,178.0,130.0,0.2150312227761099,252.2763942476324,263.0333216415293,-1
114018,2670,0.8780147675060391,77.19863752033355,67.78154377419865,939.5260453828084,85.7962703152066,0.2374644101411203,128.73572675143356,143.0,17.0,174.0,157.0,0.2752037357252596,248.5038643729744,264.7823485415108,-1
114018,2671,0.6854858818326469,110.3845162498762,75.66702746221652,1579.5718600251985,118.81077392223315,0.1775630966582873,130.787893081761,141.0,22.0,179.0,157.0,0.2731516257268304,260.13930817610066,274.4095911949685,1
114018,2672,0.6998902496026284,108.27208718948307,75.77857812804486,1236.3860018001085,114.28035701729324,0.2252859798158792,123.53331197950033,132.0,14.0,179.0,165.0,0.4024323055450337,261.0677450352338,278.069666880205,-1
114018,2673,0.9342777359007184,101.98508520965434,95.2823945053177,1269.2733034279026,114.28035701729324,0.2413364177401888,117.03477568356784,129.0,5.0,249.0,244.0,0.337291509707801,252.18091319352268,286.39328378019644,-1
114018,2674,0.6898430407212055,95.60038647107662,65.94926129732988,1321.4814562296028,106.96261028976434,0.1827368975275017,116.82616980732584,129.0,4.0,189.0,185.0,0.2866715689243367,254.4685581198391,282.6161338132543,-1
114040,20,0.7569296046683252,64.17726498361081,48.57767181273888,923.4499269370602,71.11258679024411,0.1812368957765733,79.50697471665214,81.0,3.0,166.0,163.0,0.2793322332091069,245.0841325196164,220.77986050566696,3
114040,21,0.8635004890271898,56.4080679049386,48.70839422099341,854.9158723275416,67.11929677819934,0.1839475885352356,81.76678269517653,84.0,3.0,151.0,148.0,0.37735591986491,241.9835902536052,219.0726006961711,-1
114040,22,0.8875441947569639,55.51139437803796,49.26881582309196,828.7981233214505,64.00781202322104,0.1908258756658767,83.00930460333007,82.0,2.0,150.0,148.0,0.2802374426945986,247.5484818805093,219.68364348677767,-1
114040,174,0.7588815023220938,63.58932925054422,48.25676571330726,830.4133470106001,72.47068372797375,0.1989942256208619,102.15436543654366,103.0,4.0,201.0,197.0,0.2754198462150445,249.2052205220522,262.11566156615663,-1
114040,175,0.8650531203629331,58.21622907118612,50.360130613792855,803.6437943888993,67.67569726275453,0.2042937050260425,79.55828779599271,80.0,4.0,163.0,159.0,0.4148584443979947,249.61384335154827,264.8091985428051,3
114040,176,0.8616625762083083,57.86636492351952,49.86128107580992,666.933116270244,67.67569726275453,0.2456824294052913,98.28145087235995,98.0,4.0,176.0,172.0,0.2881507284212017,248.58815426997245,266.06060606060606,-1
114040,306,0.9735454588046448,48.85906626878613,47.56652208741193,722.9919907732894,61.84658438426491,0.1977114022839239,85.52395209580838,84.0,7.0,177.0,170.0,0.447063716877622,223.03532934131732,276.5287425149701,-1
114040,307,0.985698302114647,50.25025450654848,49.53159054793373,731.2590180780492,61.220911460055866,0.2044375331143771,86.2599890530925,83.0,13.0,169.0,156.0,0.3845890670532537,223.28461959496445,277.5073891625616,-1
114040,308,0.8294444143530592,55.124425719194655,45.72264700720612,693.1341263970206,63.52952069707436,0.2195287469297795,91.70522388059702,87.0,4.0,185.0,181.0,0.3047545928596433,223.85660980810235,275.80223880597015,3
114359,768,0.8901446624833986,98.32690774188916,87.52517210494021,1202.5870119268902,107.64757312638312,0.2393843876468561,90.2961682945154,91.0,14.0,122.0,108.0,0.4912031140897774,345.760030052592,203.9143501126972,-1
114359,780,0.97414499405386,115.01765434568644,112.04387220866766,1445.3637072235013,132.60844618650805,0.2426159211846184,87.2389497161395,87.0,25.0,126.0,101.0,0.5363561426478781,337.1183090024331,202.85472424979724,-1
114359,791,0.9393535350285546,126.29167480880922,118.6325311763316,1719.194226389264,142.57980221616245,0.2202920995660741,89.56585111920874,88.0,28.0,130.0,102.0,0.5293894234971525,331.3629186187749,207.4551448898144,-1
114359,802,0.9721961695696312,119.76505785470503,116.43513049462948,1675.49574157944,135.07035203922436,0.2176022516724262,97.43126229969074,96.0,18.0,143.0,125.0,0.3888292727860302,327.82981913597604,209.33202136632,1
114359,813,0.9068450648935578,110.0634443862627,99.81049136686887,1468.3271272970485,125.36347155371855,0.2192385601734702,106.9397546897547,105.0,41.0,159.0,118.0,0.336697936325161,323.7282347282347,209.5266955266956,-1
114359,824,0.873308261487961,91.78084354597206,80.15296891503141,966.8397538817932,107.64757312638312,0.2705511441702444,114.79796141244996,116.0,36.0,195.0,159.0,0.3036857628979769,319.0502366217692,206.105387695668,-1
114359,2398,0.6298802056979103,128.3297009907732,80.83233845721954,1679.7383822665538,135.5912976558599,0.1861337691390818,93.13691155944676,96.0,20.0,134.0,114.0,0.3644928725913301,330.88884659307195,193.8628346656516,-1
114359,2401,0.6882286315567178,132.91604295648025,91.4766263558723,1722.9271990845089,146.8638825579659,0.1977012534138348,95.4051650235748,96.0,5.0,145.0,140.0,0.4230769495758594,331.795970852979,192.50557222460355,1
114359,2402,0.7451696906839758,131.1112645757038,97.70014046906212,1646.1992770231598,143.6697602141801,0.2132235898138698,107.13739763421292,106.0,6.0,174.0,168.0,0.4015519133277219,331.8768577494692,192.0133454655748,-1
114359,2403,0.7629588400885263,130.9968081827864,99.94517282643788,1714.566809391299,140.18559127100045,0.2072015794296607,105.97250147841514,104.0,12.0,157.0,145.0,0.3676584433795269,333.61304947762665,187.8806426177804,-1
114359,2404,0.7524306240199408,126.76951198304305,95.38526300810445,1704.1576464628158,137.05838172107534,0.2001815771486165,95.98246176879478,96.0,20.0,137.0,117.0,0.3651332625223205,333.22949417174635,187.34905357715752,-1
114359,2405,0.6765207165692814,105.07317468714037,71.08417943155347,1312.8124086712928,117.64777940955793,0.202436926533772,93.6223665730337,96.0,53.0,123.0,70.0,0.3974559443449375,330.94101123595505,192.0886587078652,1
114359,2675,0.6827405792426561,98.99226493814103,67.58603630440889,1142.48650686351,112.43220179290272,0.2191157201398918,118.5488840608335,128.0,29.0,167.0,138.0,0.3446084763541689,212.67608137467903,211.57317795773253,-1
114359,2676,0.797064314165695,113.31038703294432,90.31566592826324,1651.6134905855424,123.69316876852982,0.1896437786758339,106.65236648949632,112.0,17.0,165.0,148.0,0.4658801205683314,207.85750442925843,207.37129840546697,-1
114359,2678,0.867236649951995,122.52272657771954,106.25619894024577,1855.988165628592,131.70041761513136,0.1904915818820579,98.82660969793322,101.0,14.0,153.0,139.0,0.3850488432063412,208.3138910969793,200.57233704292528,-1
114359,2679,0.9114711199586868,120.40126045699952,109.74227171317888,1603.2043276570496,131.70041761513136,0.2227386512208508,94.95172952902092,96.0,9.0,144.0,135.0,0.402085244749126,207.8691616181356,194.66650381082667,1
114359,2680,0.9503890298156762,109.90074705712738,104.44846437164132,1663.3292193380723,124.33824833895642,0.1999140760647896,93.5059048475987,95.0,12.0,132.0,120.0,0.4106144448212389,209.9385895849736,191.97311888426492,-1
114359,2681,0.9110746515225702,103.56755370953717,94.35777290496164,1541.689609031293,114.28035701729324,0.1980926955678244,91.8646096555393,96.0,42.0,125.0,83.0,0.3853884474178913,211.80462827503652,186.8824311743583,-1
114359,2682,0.8193471875457672,93.61656503514963,76.70446926924527,1172.0428560496073,102.7277956543408,0.2227107582664119,90.17394468704512,94.0,52.0,124.0,72.0,0.3486651135985626,210.12172489082968,182.95669577874816,-1
53669,2259,0.8701429339591827,93.8309874532012,81.64637071881575,1289.8002153624748,108.2266141020775,0.2094033373488392,101.10511073253834,104.0,25.0,140.0,115.0,0.4811151902811919,350.9507666098808,191.16541737649064,1
58392,2610,0.8219892985931845,77.01018860870657,63.30155091899956,1057.2905473706226,90.0,0.1933041109333798,105.01447562776956,109.0,3.0,165.0,162.0,0.434383597808561,251.98168389955688,260.8661742983752,-1
92897,2852,0.910509748681682,86.44793728572056,78.71168965207121,1366.978930912661,103.24727599312246,0.1817028516967372,66.50160192230676,68.0,5.0,103.0,98.0,0.5386053171695502,269.2136563876652,137.5238285943132,-1
92897,2853,0.6776042546540477,53.64799664805944,36.352110782391165,460.4406922210678,61.07372593840988,0.2781227338435508,58.70557228915663,58.0,27.0,87.0,60.0,0.7625210934097837,264.0948795180723,148.14156626506025,-1
92897,2934,0.5540473796481622,68.34191146555843,37.86465696763933,665.1341263970205,74.43117626371358,0.2317922300665466,37.370466321243526,37.0,27.0,51.0,24.0,0.9815211146607964,245.82538860103628,146.3243523316062,2
92897,2935,0.4900412109094007,140.0429730699542,68.62682810255295,1660.3241687041843,147.09180806557515,0.1682375255640272,33.44062153163152,33.0,24.0,43.0,19.0,0.9984157170920218,244.4203266212145,160.53749801807515,-1
93329,2936,0.9340160363430025,92.05182541980838,85.97788111674745,1297.1971849821475,104.35037134576952,0.210288150450487,54.5005,54.0,7.0,96.0,89.0,0.5084642777777778,213.67566666666667,167.6113333333333,-1
93329,2937,0.8179185222266182,111.30758408873092,91.04053469046984,1547.121066536368,125.09996003196804,0.2009099481515469,52.08740988671472,52.0,3.0,92.0,89.0,0.4727510722910862,219.29312564366631,166.58522142121524,-1
93329,2938,0.8260412953627148,121.92009354990782,100.71103200670922,1575.0205614729753,135.5322839769182,0.2173999931785039,46.20125451839252,46.0,1.0,94.0,93.0,0.5306746807573796,211.1491601105677,166.96491601105677,2
93329,2939,0.8223124366238828,126.65575709228264,104.15060422699756,1754.7089450150297,136.35615130972272,0.2010758734704183,51.14977533699451,51.0,0.0,157.0,157.0,0.4430416880919259,211.328607089366,166.32191712431353,-1
93329,2940,0.6615496933262924,136.29359328004065,90.16498483674934,1625.4541110191035,143.8923208513922,0.2069129448148387,47.48935002195872,46.0,0.0,151.0,151.0,0.4949768830733487,205.9107378129117,162.1588713219148,-1
93825,2854,0.94228970229809,66.07189425662105,62.25886556934232,887.727055509585,75.58438992278762,0.2185364526386109,72.45989480604865,72.0,45.0,153.0,108.0,0.4741115074903575,322.14069690992767,200.6955950032873,-1
93825,2856,0.7526733180304224,78.81869889615514,59.32473162100988,979.3666658163748,90.0,0.2138777649980434,64.22981366459628,57.0,33.0,149.0,116.0,0.5738684387814086,333.8396386222473,198.0081874647092,2
93825,2857,0.7799811073583757,82.2624859335587,64.16318487250992,887.325035256032,95.67131231461184,0.2505122407397346,69.10715181932245,60.0,28.0,153.0,125.0,0.5619000360511265,336.94629861982435,199.33174404015057,-1
93825,2941,0.5570887546832788,123.1339303653988,68.59652792651758,1258.854039231643,132.60844618650805,0.2256740436685033,82.27037834512458,80.0,28.0,156.0,128.0,0.4609305553098158,238.75299907720705,229.0510612119348,-1
93825,2942,0.7540784925233833,95.83621917390424,72.26803168379828,1264.1017305526527,107.64757312638312,0.2023951423420528,88.1221590909091,77.0,45.0,221.0,176.0,0.3613665059687786,245.8314393939394,229.4454545454545,-1
93825,2944,0.7992470642525338,90.96928460859846,72.70693366057553,981.06515062621,103.77379245262264,0.2567241686410224,66.04410899823564,60.0,39.0,142.0,103.0,0.6540114351922186,243.34738286610468,226.88276808468927,2
93825,2945,0.6749860233182615,92.13594640459657,62.19047606830311,1075.6925676241751,100.88111815399353,0.2167880317457128,89.13187314624686,81.0,57.0,207.0,150.0,0.3115580602028381,242.7910107232489,223.1202372804016,-1
97607,835,0.9070294240454774,52.37697366429863,47.50745625597392,494.62445840514175,61.220911460055866,0.3073407939823548,131.1885683760684,138.0,62.0,185.0,123.0,0.2352150905836803,217.99252136752136,334.8669871794872,-1
97607,846,0.8945907183210304,82.25462233609683,73.58422168087392,1178.1606050556975,91.92388155425118,0.2029802826451346,132.1011917659805,145.0,30.0,181.0,151.0,0.2788329543893916,221.64615384615385,334.33521126760564,-1
97607,857,0.9463758193261842,88.31415797620112,83.5783836128294,1309.6824663563827,101.82828683622247,0.2012439976417772,130.0790647867214,138.0,24.0,191.0,167.0,0.2795342517007204,219.0742459396752,335.2896662502231,1
97607,868,0.9230932988588412,82.142676645697,75.82535436197152,1087.3077913133254,97.082439194738,0.2237024080179352,140.4494122586062,149.0,14.0,206.0,192.0,0.2499258009095645,218.80142737195635,334.056255247691,-1
97607,879,0.7527821320115159,69.78996125639644,52.5366358275912,824.0285706997497,78.81624198095213,0.2236172666020979,139.91378683157512,148.0,5.0,205.0,200.0,0.2446453295427644,217.994907238996,327.57439068752274,-1
97607,2406,0.9412050963393582,87.57087830463169,82.42215695123309,1354.6946596652003,101.82828683622247,0.1932949878983192,108.94870868701464,117.0,16.0,155.0,139.0,0.3048155953762576,227.42965504785985,147.021311179339,-1
97607,2407,0.9355327308398772,84.50946901050852,79.06137432522901,1021.06515062621,92.97311439335569,0.2479342735646977,111.43927046953824,115.0,4.0,166.0,162.0,0.3496830036881888,228.6701590997284,149.0267753201397,1
97607,2408,0.9367026860855544,74.61877432902048,69.89560634640529,1033.0823945689122,88.41379982785493,0.2147155934391527,110.71201814058956,120.0,17.0,155.0,138.0,0.2891488781061541,230.1400856638952,153.36306374401613,-1
97607,2693,0.8201284353645282,82.50486185753151,67.66458326518385,1063.5920625607866,90.60353193998566,0.2159360718900708,113.05729044376616,121.0,38.0,156.0,118.0,0.3042912151944191,336.12819910777176,151.8978633482038,-1
97607,2694,0.915660812605214,85.67457149837979,78.44884775780994,1120.1606050557032,101.82828683622247,0.2250904020127016,109.67772789381222,114.0,10.0,156.0,146.0,0.3530819376044979,337.8467694710131,151.81241460081984,-1
97607,2695,0.8969477882714384,83.07664852413298,74.51541615072473,1142.4032457428225,95.67131231461184,0.2120754695942308,114.75755015839492,120.0,14.0,158.0,144.0,0.3499680756995079,337.99281942977825,152.6872228088701,1
97607,2696,0.9068332682569314,69.94098677370228,63.42481362111125,1061.834703247906,81.41252974819048,0.1919404893776912,107.00920427553444,113.0,14.0,154.0,140.0,0.2485330707906184,334.43853919239905,147.81294536817103,-1
97737,891,0.8792761008692965,80.58333982843914,70.85500483937545,1123.8590898655405,90.0,0.2059809841628888,131.49145496535797,144.0,45.0,196.0,151.0,0.2731877603486071,238.4565819861432,328.27367205542726,-1
97737,902,0.9588081566591428,85.09215347951077,81.58705082384658,1197.1555544218122,96.51942809610924,0.2141845867950021,133.22274524571642,140.0,25.0,197.0,172.0,0.329047286283294,237.5187347015628,330.0515910374694,-1
97737,913,0.9398771296432712,84.24968309309955,79.18435031889764,981.9940828143444,95.4148835350125,0.2569635439544037,137.85850897736142,145.0,17.0,213.0,196.0,0.2888522335387617,236.9449648711944,327.108118657299,1
97737,924,0.8269419672510046,74.12377298401499,61.296058651468215,940.2955980045092,85.98255637046388,0.219292419606961,143.85955219540566,156.0,3.0,201.0,198.0,0.2945610199141418,235.644082582146,321.7406222739168,-1
97737,2409,0.9494804972336748,74.60331590587367,70.83439348158986,1039.0479066835053,85.14693182963201,0.2153556527738334,109.7310259579728,120.0,34.0,159.0,125.0,0.2817778972957198,226.5925834363412,112.53572311495674,-1
97737,2410,0.9393657030623156,85.53426727576336,80.34795711541746,1174.5870119268932,97.082439194738,0.2179031960316934,107.33907284768212,115.0,13.0,146.0,133.0,0.3527183286805359,227.2421948912015,112.05070955534532,-1
97737,2412,0.9670524917134644,86.60716286507355,83.7536726489032,1252.084486609942,97.082439194738,0.2103777643452994,113.08303507516106,118.0,2.0,164.0,162.0,0.3111886781624803,227.35719398711524,113.23675733715103,1
97737,2413,0.9583605583936416,79.9251489549337,76.59711038214525,872.0113267570472,89.81091247727082,0.2772847574815046,108.56004250797024,113.0,2.0,155.0,153.0,0.3669534185374954,227.4221041445271,115.98150903294368,-1
97737,2414,0.9252114147486448,72.98276475766495,67.52448703370673,957.7859300126306,85.44003745317531,0.2249189942881345,120.76363636363637,134.0,24.0,161.0,137.0,0.3563403300065773,227.59973262032085,118.84411764705882,-1
97737,2415,0.7876254356265998,58.06885681242629,45.73650864322591,633.2346314604088,67.67569726275453,0.2462207448261777,109.27732793522269,121.5,11.0,152.0,141.0,0.2944329934927634,225.1032388663968,119.6255060728745,-1
97737,2697,0.8686918899368791,74.76844246196337,64.95073958991976,874.1534623807781,85.44003745317531,0.2455517844817723,111.66111260413868,121.0,22.0,155.0,133.0,0.2970358391375431,307.0510615425961,102.2579951625907,1
97737,2698,0.8464627512035439,86.5848143931375,73.29082020366337,1165.8174593051983,97.082439194738,0.2105674921045644,102.76338550247117,108.0,8.0,148.0,140.0,0.37032703304935,307.9775535420099,101.95799011532124,-1
97737,2700,0.8163850366049826,91.32761799597785,74.55850076069223,1226.528137423841,103.24727599312246,0.207047857182994,106.26256015399424,109.0,10.0,158.0,148.0,0.3725703900155717,308.9077959576516,100.74090471607316,-1
97737,2701,0.8796715622936147,85.84313222919171,75.51376224023042,1274.3860018001135,99.76472322419384,0.1937401255832684,106.7986577181208,112.0,12.0,157.0,145.0,0.3635003246282018,308.65731136872074,101.8261134838316,-1
97737,2702,0.9605073923438424,70.39347321347337,67.61345139429943,1069.6925676241756,81.41252974819048,0.1975208732815484,106.85805201992252,110.0,15.0,151.0,136.0,0.3462827796593766,307.97066961815165,100.40896513558384,1
97943,968,0.8613677155154932,62.663069999754896,53.97594545287631,839.0996385116152,73.10950690573696,0.2108522607108741,131.0543307086614,144.0,20.0,190.0,170.0,0.2198589497178994,208.8224409448819,370.5740157480315,-1
97943,979,0.7326039005794164,91.3433880777548,66.91852239790254,1172.8712831743508,101.82828683622247,0.2032562303290016,108.34689880304678,115.0,9.0,188.0,179.0,0.2301150538563822,219.1760609357998,377.0637649619151,-1
97943,990,0.7483556935314662,96.29407190273234,72.06221696173814,1100.2194795587543,103.61949623502326,0.234509847775491,106.02761709274118,110.0,9.0,173.0,164.0,0.3080199747336952,217.147042358649,372.049076320209,-1
97943,1002,0.9225241033422747,90.90744952286256,83.86431335821189,1123.2316728675728,99.29753269845128,0.240953155682851,101.09541595925296,102.0,14.0,152.0,138.0,0.3206065357819215,219.4196943972836,376.627843803056,1
97943,1013,0.8228563361204506,91.49805372523116,75.28975325049586,1082.9474016201116,100.57832768544128,0.2358771224425403,85.66266895107557,89.0,0.0,137.0,137.0,0.4170570140786719,219.1896059394632,381.7292975442604,-1
97943,2420,0.8160635486728884,90.18378053766672,73.59569597830529,1040.5209947489236,101.21264743103995,0.2354062739991944,127.16559851147406,134.0,43.0,177.0,134.0,0.2665134789635182,216.82323754393212,288.5534422162497,-1
97943,2421,0.90077828968506,96.32291417354854,86.76558988672988,1277.6824663563882,107.64757312638312,0.2201652859466098,126.50188205771644,135.0,37.0,181.0,144.0,0.3789619341822928,215.17691342534505,287.4849435382685,-1
97943,2423,0.91770740329102,101.6736632750524,93.30667350723384,1604.1160159024785,120.702112657567,0.1859061490881446,125.56297949504813,136.0,3.0,191.0,188.0,0.2573094261861678,214.3304505509834,283.31385130422655,1
97943,2424,0.904679436584184,86.14292198935455,77.93173013104459,1257.6408357960463,97.082439194738,0.1984930731109213,131.7984496124031,139.0,19.0,212.0,193.0,0.1644088108705157,218.18584774398727,274.5728483402902,-1
97943,2425,0.5423937918799403,63.59651594219059,34.494355432237825,670.8326112068557,70.26378868236469,0.2074734504752578,160.22770398481973,159.0,46.0,255.0,209.0,0.1374229314667655,221.7741935483871,262.05882352941177,-1
97943,2705,0.596539418574731,90.3206006789842,53.8797986143617,1022.805265996388,99.76472322419384,0.2060224390985661,114.47191323692992,124.0,25.0,191.0,166.0,0.2258686267401302,374.2675194660734,279.9012791991101,-1
97943,2706,0.6816948397270715,106.81231209173475,72.81340197225306,1416.09162928486,118.25819210524064,0.1899214288688847,108.27110806644974,116.0,18.0,163.0,145.0,0.2660218224826648,376.52080835759546,281.78729234457955,1
97943,2707,0.6954147093104951,108.45763571400371,75.42303521255745,1375.179941039436,117.51595636338072,0.1986812589254775,130.652108933909,139.0,16.0,197.0,181.0,0.3302207746841234,378.19229491863166,281.984888741282,-1
97943,2708,0.757858261219871,101.0836389374576,76.60707084291887,1304.309883354353,113.07077429645558,0.2028118183729225,92.85569934408792,101.0,10.0,146.0,136.0,0.3421858433146462,377.3712107782308,280.99751817053715,-1
97943,2709,0.9410928181193402,66.56808091669642,62.6467428666901,883.9108216936587,78.2368199762746,0.2232761327564315,99.68706404565631,108.0,25.0,146.0,121.0,0.3944435084395252,374.2736207989854,278.2520608750793,-1
98995,494,0.7827543064036621,64.9017838135922,50.80215077336879,620.2224381515888,71.11258679024411,0.2851477219855721,116.61770543866614,119.0,3.0,203.0,200.0,0.2964025214641058,247.71814211988885,215.3965859468043,3
98995,495,0.81828100776879,69.80484713463642,57.11998066047661,708.5899705197365,78.81624198095213,0.2745828818704161,103.28454217262882,111.0,1.0,156.0,155.0,0.2928890334114624,246.84115523465704,210.5808992451592,-1
98995,496,0.9146048768250302,62.85473711204534,57.487249094231885,875.1828996323007,72.47068372797375,0.2095705698487717,105.84121745507883,116.0,8.0,147.0,139.0,0.3316145206991057,247.56618995232856,213.73450678401173,-1
98995,497,0.938343563955655,65.31876288404214,61.29144075778646,866.7981233214505,74.43117626371358,0.2241490661286528,116.1383606557377,126.0,15.0,162.0,147.0,0.3633100779360386,247.6219672131148,214.2704918032787,-1
98995,498,0.8444881207697565,59.24602614049722,50.03256527846437,598.8498551495584,67.67569726275453,0.278658221653968,121.21488701816573,129.0,40.0,169.0,129.0,0.3306754607189683,247.693841382366,213.3642002658396,3
98995,700,0.5774385054966888,57.30052384709917,33.08752885444632,681.5189027078709,60.53924347066124,0.18681936052232,78.0436418359669,76.0,11.0,149.0,138.0,0.2204665161775771,243.7735139202408,267.8803611738149,-1
98995,701,0.6820271159276128,75.93110042509211,51.7870694321355,954.2955980045092,81.39410298049853,0.1980662327664146,99.43812478455705,107.0,1.0,147.0,146.0,0.2892721679136662,241.37056187521543,272.4836263357463,-1
98995,703,0.7882487811690011,81.77173851559452,64.45647321898764,1099.3839097590724,90.60353193998566,0.2011989199421843,112.24082046087617,118.0,5.0,155.0,150.0,0.3136538729012688,244.7751329450494,275.008356545961,-1
98995,704,0.6979161977282111,89.60602898762113,62.537499044564406,982.4549775709428,96.25487000666512,0.2335604407681595,116.64945780292317,123.0,3.0,171.0,168.0,0.3054854788368309,243.2074493163602,276.7138142385667,3
98995,705,0.4335057987147536,135.8482271785285,58.890994227011305,1308.9057710597574,133.80956617521784,0.2091360755202294,99.3894789246598,112.0,2.0,174.0,172.0,0.2144740310518564,243.81397278460005,296.5756720876203,-1
98995,706,0.498715715917233,127.42585866045413,63.54927832821652,1148.805265996377,128.51459061133875,0.239000024418122,100.14120561519404,104.0,17.0,219.0,202.0,0.2569897873947935,242.2282411230388,305.28554913294795,-1
98995,925,0.6012599027584673,74.05488484800397,44.52623286250036,942.4966081312858,78.0,0.1799877206991056,103.75298634812286,110.0,4.0,186.0,182.0,0.2917732006196927,213.60878839590444,276.69923208191125,-1
98995,926,0.7223086600729253,86.29227321581938,62.32965624116528,1002.8641404994336,97.082439194738,0.2235034464629844,103.3103873673822,108.0,3.0,159.0,156.0,0.3463167435623072,213.62743646681471,277.9203059462127,3
98995,927,0.7266577025241301,86.76210763444968,63.04635379980049,1083.1900423072304,93.30058949438636,0.2091301038187672,103.01976856316296,108.0,2.0,170.0,168.0,0.2984017579082156,213.3924783027965,274.96407907425265,-1
98995,928,0.7176271064569011,86.5905321065687,62.139713002200295,994.2783540618066,93.30058949438636,0.2266425106778973,98.05020716548869,103.0,2.0,157.0,155.0,0.277772474549305,213.8140385084085,275.3426760906653,-1
98995,929,0.7604325941449909,73.77355446956997,56.09981540459189,846.3544725075546,80.52949770115296,0.2334657970826655,99.232690483718,104.0,3.0,152.0,149.0,0.2725469732879047,212.39867214669616,276.222573506165,-1
99815,2737,0.912734826768426,87.82032326338026,80.15666754054857,1231.8418459228233,99.76472322419384,0.2096500548447633,126.09442379182155,128.0,43.0,201.0,158.0,0.1797047442683213,346.47936802973976,190.96617100371748,1
99815,2738,0.9362074070865468,101.20580163445902,94.74962113031228,1313.8246019801163,114.28035701729324,0.2300882691688947,138.47692307692307,148.0,34.0,178.0,144.0,0.3463563799345771,346.9081007488087,192.30483321987748,-1
99815,2739,0.916982227396128,106.12953175169812,97.31889441818022,1248.226622233674,117.64777940955793,0.2524766504194254,141.4428141459744,146.0,32.0,190.0,158.0,0.4007212052161751,348.23839979934786,192.8847504389265,-1
99815,2740,0.8922875870407907,107.86515802414702,96.24674157913972,1323.1210665363935,118.81077392223315,0.2387196937911606,134.899725959143,142.0,39.0,203.0,164.0,0.3398582663716354,349.17314399601395,194.3586198305929,-1
99815,2741,0.740065807134685,130.3907395983302,96.49772794372676,1762.951585702145,142.6639407839276,0.1972153867793737,135.06058424192554,143.0,10.0,204.0,194.0,0.2967165455156329,337.09792223822257,206.4338613454022,1
99815,2742,0.8976283987517609,125.10641686992692,112.2990726485228,1691.9810229536754,136.48443134658254,0.2140309008815119,134.5365552601595,142.0,31.0,207.0,176.0,0.2778500340921106,332.4823395366502,210.8202620584884,-1
MR029209E,1246,0.7394688385837553,48.71997177061983,36.02690094105358,531.6955262170072,52.0,0.2347281584095462,51.09212598425197,51.0,23.0,89.0,66.0,0.4655452910905821,186.0212598425197,279.7,-1
MR029209E,1248,0.5454879777595585,66.98460738108047,36.539298021323575,623.5777772109162,70.21395872616783,0.2390654602116174,52.280088740987246,47.0,23.0,157.0,134.0,0.4523769314038445,190.77648363838048,305.0565723793677,-1
MR029209E,1249,0.9402597011492664,32.53609440992744,30.592378406442684,502.1391770309031,39.408120990476064,0.1770541653115734,38.7530303030303,38.0,22.0,133.0,111.0,0.8977226813590451,167.0621212121212,365.7878787878788,2
MR029209E,1250,0.3625133757838551,166.10128787192755,60.213938588498365,1897.603389317745,174.0919297382851,0.1579067158631579,52.50689464975179,51.0,13.0,173.0,160.0,0.4990830458090722,186.61265857694428,363.9673193601765,-1
MR029209E,1251,0.5271131221732241,154.38436251969426,81.37802334247894,1607.6723650885835,152.0690632574555,0.1953318429440957,52.054925673973294,52.0,28.0,147.0,119.0,0.4755272992804338,176.18039808516,335.71227009322246,-1
MR029209E,1252,0.7191264939745782,134.78671756070332,96.9286996337703,1828.1475451950307,146.82302271782856,0.1869620344327025,60.69611908559277,58.0,12.0,159.0,147.0,0.4025806965822075,178.1840510366826,329.2989898989899,-1
MR029209E,1253,0.6925794916281147,122.08712510845312,84.5550390419505,1553.329219338081,132.07573584879245,0.1971043819298431,47.14501390544299,45.0,26.0,130.0,104.0,0.5188106914564856,173.51145543636605,326.2263276387234,2
MR029209E,1254,0.5129303182263493,149.26400846028756,76.56203535927578,1719.6378772031694,163.67040050051813,0.19131884863322,50.833562743748566,51.0,25.0,132.0,107.0,0.474747434079504,189.46054140858,334.3503097040606,-1
MR029209E,1255,0.5391142481861527,144.00022629516937,77.63257373775609,1639.7728701519743,154.76756766196203,0.1984412539237186,60.94806110458284,61.0,22.0,149.0,127.0,0.4919550511529258,192.524089306698,323.27097532314923,-1
MR029209E,1843,0.7514154350388668,146.56690068538927,110.13263144081016,2008.2551929333365,162.60688792299052,0.1921034802019903,58.25194349243501,57.0,10.0,250.0,240.0,0.4292763382573992,169.80606871186157,160.90069380590154,-1
MR029209E,1844,0.7164421684721499,146.8228479748285,105.19007958434294,1937.0176028801209,155.97756248896826,0.1895839552079149,55.7215820042408,54.0,12.0,206.0,194.0,0.402491210731999,172.21720291324792,153.53277403890476,2
MR029209E,1845,0.7592460873530176,132.67151450839273,100.73032829369627,1706.1404025201064,143.8923208513922,0.2091248319530523,59.77371406219441,58.0,22.0,143.0,121.0,0.4257523370994097,176.03148836299627,163.01241932329356,-1
MR029209E,1847,0.6283592972948626,134.22202546411185,84.33965760212249,1667.3952365160485,137.05838172107534,0.1923544534648562,55.09179734620024,53.0,27.0,128.0,101.0,0.4343319737908535,189.38371531966223,165.76670687575393,-1
MR029209E,1848,0.5788518085032871,119.18156364694968,68.98846365728643,1395.7484835343553,123.69316876852982,0.1957369021712492,62.48396743645124,62.0,30.0,134.0,104.0,0.6170007249292896,198.95480976906464,163.48612726366505,-1
MR029209E,1849,0.5458444808455543,115.75931959309048,63.18658570632508,1179.8763338082351,123.9072233568326,0.2203428834719926,58.05496323529412,57.0,19.0,129.0,110.0,0.537872107482699,183.12610294117647,164.74981617647057,2
MR029209E,1850,0.753127378836905,76.20702915728077,57.39360011817045,1051.9179643685927,85.09406559801923,0.1895127035286094,43.90120780427377,42.0,12.0,107.0,95.0,0.615969629521713,193.39021368844843,162.8894394549396,-1
MR029209E,1926,0.6398180730584075,81.21582274627644,51.96335121137578,1168.9301576774008,91.7877987534291,0.1616980559539038,60.47838023335621,56.0,33.0,141.0,108.0,0.3558715198301905,343.57206588881263,162.2875772134523,-1
MR029209E,1927,0.6151704546578165,80.72319450348206,49.658524264138414,1121.030662740793,90.95603333479312,0.1633201064651572,51.344298245614034,44.0,28.0,156.0,128.0,0.4552939365958756,353.13998538011697,148.015350877193,-1
MR029209E,1928,0.468217387921164,146.14444571738113,68.42737063297854,1642.0155108390995,156.7801007781281,0.17285843041401,65.21074507389163,60.0,28.0,176.0,148.0,0.3487546428723094,372.7798645320197,154.33328201970443,2
MR029209E,1929,0.5798001789064409,177.05768546307846,102.65807770825324,2886.692926561671,219.97272558205933,0.1212787153765287,69.10887299828785,65.0,34.0,194.0,160.0,0.3857302549582548,363.73864437506296,184.8128713868466,-1
MR029209E,1930,0.5861649593889221,129.60540818528526,75.97014882551241,1797.319118070286,143.6697602141801,0.1618633550711544,68.33065341324368,64.0,40.0,194.0,154.0,0.4613998877461386,362.7633386931735,188.968133313843,-1
MR029209E,1931,0.7874005604242338,133.12050770796515,104.8191623732103,1872.1647891377308,150.41608956491322,0.1906030651436853,73.44293663965635,71.0,36.0,211.0,175.0,0.403564208821603,363.213511666504,193.1293566337987,-1
MR029209E,1932,0.61548038347839,62.93205244751913,38.73344377348123,798.0702012600925,68.00735254367721,0.1841091684847763,56.92173423423424,59.0,30.0,86.0,56.0,0.603303683751319,381.69144144144144,177.58445945945945,2
MR029209E,2257,0.6146740571307665,100.15031762534612,61.559802057706406,1270.2266222336727,113.07077429645558,0.1875636893106093,106.780174291939,104.0,37.0,214.0,177.0,0.2346608379493167,247.1969498910676,180.6289760348584,-1
MR031409B,1271,0.9066634983976724,41.54638196576133,37.66858801884312,605.0336213336323,50.0,0.193036901128686,59.55328596802842,61.0,28.0,105.0,77.0,0.5857086970650127,242.6802841918295,212.73712255772648,-1
MR031409B,1272,0.7542748445246044,48.82029693719165,36.82392188194525,629.4772721475281,55.7584074378026,0.1999384416776871,56.63517665130568,56.0,20.0,179.0,159.0,0.4239643134395623,245.22964669738863,214.7004608294931,-1
MR031409B,1273,0.677060894460915,110.2191079744696,74.62504783187856,1333.2560594851907,116.76472069936192,0.2065180560998692,54.55504587155964,48.0,1.0,255.0,254.0,0.2513015443110162,247.3442005242464,189.2807994757536,2
MR031409B,1866,0.8469685894023207,65.74313607125893,55.68237122115901,777.5432893255112,79.40403012442127,0.2261476291922894,47.71559268098648,46.0,18.0,223.0,205.0,0.4801158065351137,235.64081145584728,96.35680190930788,-1
MR031409B,1867,0.745212319119634,59.28550673552896,44.18028996456621,774.7737367038104,67.42403132415029,0.1938754175522389,41.92278412180533,38.0,19.0,150.0,131.0,0.6092492994366219,235.3926046764546,85.08482871125612,-1
MR031409B,1944,0.5844200913012912,61.96583348199893,36.21407806111043,640.9331162702441,67.05221845696084,0.2056109510339068,41.11533052039381,41.0,26.0,100.0,74.0,0.9061928188937748,289.41631504922645,94.4971870604782,-1
MR031409B,1945,0.6464615991625239,60.15633817733066,38.888762577878765,803.141269071958,72.47068372797375,0.1615415882458798,29.139450867052023,27.0,19.0,54.0,35.0,0.5575205068662501,296.1669075144509,101.51878612716764,2
MR033420,1370,0.7128970485214482,154.51360040448913,110.15228968478274,2064.4246737675417,172.51376756653366,0.1940482996800706,60.31239810573713,59.0,25.0,120.0,95.0,0.7755333663158633,253.71477369769428,308.2609269466656,-1
MR033420,1371,0.542679727841592,131.63756280120953,71.43703675469087,1315.7240969167203,136.01470508735443,0.2266546853598612,59.23209049015501,57.0,28.0,123.0,95.0,0.4749052753025888,246.128054740958,163.5981008239073,-1
MR033420,1372,0.6105251307664331,134.33357643955617,82.01402432208266,1610.233764908568,139.05754204644924,0.2004864045377495,65.43385864374403,55.0,27.0,150.0,123.0,0.2951103815513283,244.7868911174785,164.60255491881566,-1
MR033420,1373,0.7521643850242797,102.2729448241894,76.92606664830852,1404.2337649085907,117.18361660232202,0.1819350997368368,46.189971617786185,41.0,25.0,153.0,128.0,0.5302541152419917,260.8643330179754,212.31996215704825,2
MR033420,1374,0.768532277717078,93.3866260383747,71.77063641758508,1259.8246019801174,111.07204868912793,0.1977390193492497,43.37472593183177,39.0,17.0,120.0,103.0,0.6495084343290617,261.4225632848316,218.49113015746465,-1
MR033420,1375,0.8605855564665229,135.63522694458464,116.7257172565685,2402.813634160528,164.2954655491137,0.1364646709611638,44.741827808471456,40.0,19.0,159.0,140.0,0.56744453304912,265.90619244935544,264.30018416206264,-1
MR033420,1376,0.8628413542025087,121.01855649857616,104.41981517286426,1887.65512114586,151.4859729479928,0.1624338812157707,45.58661209400581,43.0,24.0,114.0,90.0,0.5530241568988288,267.4712173224188,265.64721415368365,-1
MR033420,1642,0.8124077583091778,53.7643005761814,43.678534908156365,630.8914857099012,61.84658438426491,0.2277902440331336,110.21322215604526,119.0,40.0,192.0,152.0,0.2152785291168167,228.237641453246,203.31685527099464,2
MR033420,1643,0.6965767378311138,76.58531218373608,53.347546926724334,1039.383909759075,84.38601779915912,0.1857751906852419,112.59044142051113,104.0,40.0,213.0,173.0,0.1830766754837897,234.3365416528377,206.48357119150347,-1
MR033420,1644,0.6066383115898795,105.06531392063962,63.73664464347747,1253.6408357960458,108.52188719332152,0.1836801804293157,59.1739333177897,53.0,22.0,253.0,231.0,0.3738288793233962,262.8857542550711,188.06248542783865,-1
MR033420,1645,0.8534386011573115,90.13173446683015,76.92190138325377,1198.4276323604545,98.8382517044894,0.2119646029342867,82.48403846153846,66.0,37.0,212.0,175.0,0.3411638313609467,223.7273076923077,211.43634615384616,-1
MR033420,1647,0.7555759607151962,105.84609022597292,79.97476131043682,1445.5230867899445,110.72488428533129,0.1887661321174381,80.35237302248126,63.0,32.0,201.0,169.0,0.2538101124444589,222.57651956702747,203.37318900915903,2
MR033420,1648,0.8292891842498209,83.38162167800826,69.14747702278265,1141.5159441150313,95.85405573057407,0.1958520150916918,82.11113855272907,70.0,32.0,193.0,161.0,0.3102329264728855,213.64559150407507,194.1373178562608,-1
MR033420,1649,0.729894331530699,98.96130199638972,72.2312933680625,1348.6946596651967,109.77249200050076,0.1871615734787655,79.12670034978625,69.0,30.0,157.0,127.0,0.2238292840129244,217.2514574426739,197.53128643606684,-1
MR033420,1650,0.7218803882335937,94.75311392547567,68.40041466686432,1192.5281374238452,100.88111815399353,0.2047320096826702,79.06529423996673,71.0,33.0,152.0,119.0,0.272945589949461,220.09814930338948,201.7510917030568,-1
MR033420,1651,0.4169058335779729,142.99050448205182,59.61357546482469,1626.6601717797553,148.24641648282767,0.1687481074646175,68.57645511344953,67.0,28.0,161.0,133.0,0.4361523175377696,235.9362051956593,205.3280170996383,2
MR033420,1652,0.538830388032958,115.27824369867284,62.11542078391379,1166.4032457428198,123.69316876852982,0.2032844702836976,49.016956617485135,45.0,23.0,136.0,113.0,0.5511676845202154,259.03171107685534,200.5481171548117,-1
MR033420,1653,0.6799983268017248,108.43672078036086,73.7367886945112,1602.8023074034943,119.4026800369238,0.1594108028257031,60.92619227857684,55.0,27.0,179.0,152.0,0.4790866661585602,261.97085541256627,197.2420514761544,-1
MR033420,2012,0.7906830054876195,72.01671323616695,56.94239126691251,969.8103166302708,83.09632964216891,0.2013214881106851,73.16450777202073,72.0,57.0,93.0,36.0,0.5359481127010122,213.70660621761652,192.6340673575129,-1
MR033420,2014,0.8110240645910202,71.00561980550816,57.58726638346786,823.4255403194202,78.0,0.2364853478709188,75.88936031331593,72.0,41.0,130.0,89.0,0.4020476569476921,197.01860313315927,193.7976501305483,2
MR033420,2015,0.651694829059178,107.29150778939189,69.92132082830922,1147.190042307228,114.12712210513328,0.2326503117731834,74.9092970521542,69.0,30.0,177.0,147.0,0.3203516724485551,193.8292342578057,198.5555555555556,-1
MR033420,2016,0.6940291697640296,132.85981430160723,92.2085866147476,1733.5546160824813,145.82523787054146,0.1953581025723137,81.86509055416983,69.0,30.0,178.0,148.0,0.265185495954154,190.54419260383904,204.228283266457,-1
MR033420,2017,0.3640980102984365,224.0507552714173,81.57643420018498,2584.695885154465,219.14607000811125,0.1527144223504779,79.85669881246513,72.0,27.0,185.0,158.0,0.2064194315990192,218.56101060014345,207.5835657926197,-1
MR033420,2018,0.2920718551026656,250.1348572608915,73.05735178602903,2732.5192616453555,228.87769659798656,0.1424200918494668,75.88678627017285,65.0,19.0,251.0,232.0,0.2623007469744703,232.0793806832145,211.34439256164487,2
MR033420,2019,0.3943739040868562,221.1522529035984,87.21667737519589,2603.9507191504017,218.2131985009156,0.1535651026071983,62.33012422360248,54.0,18.0,209.0,191.0,0.3420943564098607,254.22453416149068,207.2282608695652,-1
MR033420,2020,0.6103385820993235,92.79660488940748,56.63734825183211,1118.687516990287,99.29753269845128,0.1961464963454688,54.155777606969,49.0,32.0,155.0,123.0,0.4294925055842721,259.8316679477325,203.0089674609275,-1
MR037458B,1298,0.4863986295754923,99.19284738531348,48.24726503190744,1062.8468965567251,106.88779163215976,0.1951788741432338,60.39879414298019,60.0,2.0,177.0,175.0,0.2752778373345157,372.8673557278208,325.91759977031296,-1
MR037458B,1299,0.3295705302018173,138.3564607231785,45.59821211738485,1549.5474734075733,146.8638825579659,0.1517664340924951,57.38255632389025,54.0,5.0,139.0,134.0,0.4044789822149644,340.9524871737676,359.7039928619228,2
MR037458B,1300,0.874190391646255,41.11482298689171,35.94218320937731,620.1635636485432,50.60632371551998,0.1789417676847887,98.9342492639843,89.0,10.0,173.0,163.0,0.2068423216973673,356.86457311089305,304.72325809617274,-1
MR037458B,1301,0.5033425807913742,72.76348168042162,36.62495865638929,818.4894654563482,78.39005038906404,0.1796205663333234,82.24304372515616,80.0,14.0,160.0,146.0,0.2525122367040821,354.0579216354344,318.1192504258944,-1
MR037458B,1303,0.8883574541016138,56.692055539748885,50.36281012707861,619.9209229614241,67.17886572427373,0.2628873954145022,77.60484622553588,80.0,6.0,147.0,141.0,0.2839605360413922,344.41053122087607,313.3257222739981,-1
MR037458B,1304,0.7695357550978933,100.36235458861688,77.2324203217538,1244.854039231643,110.3856874780422,0.215990020761233,48.50721153846154,57.0,0.0,156.0,156.0,0.2627839354584289,308.17805631868134,321.1141826923077,2
MR037458B,1305,0.7282757928319761,91.97068362156898,66.98002253179699,1202.2854967367232,100.41912168506552,0.2002576203225645,68.07498397778252,68.0,5.0,150.0,145.0,0.302906781431214,329.639606921598,330.4582354197821,-1
MR037458B,1306,0.5205024221761947,112.32231812392212,58.46403864794656,1213.9595949289196,120.56948204251356,0.2055523893342793,63.12352823787667,65.0,8.0,134.0,126.0,0.3227629607997507,331.73059269606864,345.792257034524,-1
MR037458B,1894,0.857794705845645,37.79235215251483,32.41807959788149,466.1391770309031,45.17742799230607,0.2195543918921262,75.41916859122402,72.0,23.0,131.0,108.0,0.2731706926806372,366.68706697459584,247.3545034642032,-1
MR037458B,1895,0.7789155496830145,60.99193614339684,47.50756746736526,851.9696961967043,68.24221567329127,0.1885965992099151,89.92311343141908,85.0,10.0,166.0,156.0,0.224107766526882,357.72235405790224,241.280968201234,2
MR037458B,1896,0.5979778317984679,91.26116390624593,54.572152920061534,1007.1484117468956,101.21264743103995,0.215338346213659,94.43375394321768,91.0,19.0,194.0,175.0,0.2497509401250109,348.0283911671924,225.60909568874868,-1
MR037458B,1897,0.6613921139786996,111.35626464749596,73.65015527997888,1451.523086789929,121.07848694132248,0.1881602712087096,69.20975528550025,71.0,3.0,208.0,205.0,0.1916039688339853,330.47960712502083,230.6325953054769,-1
MR037458B,1898,0.7660942373165179,97.1306864598653,74.41125916350035,1359.7657274770638,110.14535850411492,0.1871690832923356,63.85408708938121,68.0,7.0,162.0,155.0,0.2301097882030789,332.0494652406417,230.29564553093965,-1
MR037458B,1899,0.6010642266197805,88.42569615436086,53.149522672336616,1130.444876303164,92.78469701410896,0.1827962278678111,60.59994231323911,66.0,6.0,131.0,125.0,0.2458040868083423,329.14450533602536,223.44389962503607,2
MR037458B,1900,0.9058954691478576,48.45495185871645,43.89512134658879,529.1513703397231,56.302753041036986,0.2651914421597433,57.47095565271705,58.0,24.0,132.0,108.0,0.4211394268338691,333.5590256089944,215.0262336039975,-1
MR037458B,1901,0.8540142860652123,56.6293509469598,48.36227471930423,787.7442994522876,68.24221567329127,0.2003922954491104,50.958189867191344,50.0,14.0,128.0,114.0,0.3818763641431384,326.390063944909,211.2060993605509,-1
MR037458B,1967,0.4609666396261661,115.13319391748908,53.07256150957269,1155.8174593051986,115.69356075426153,0.197185353130686,105.13707758210376,106.0,8.0,198.0,190.0,0.2703395246387738,288.874821513565,241.668967158496,-1
MR037458B,1969,0.5796579520173832,74.5268509873028,43.20008181360464,902.2539674441664,81.41252974819048,0.1863663032352843,136.82409012131717,132.0,37.0,252.0,215.0,0.1382869921214433,318.05415944540727,259.96837088388213,2
MR037458B,1970,0.8956449408157284,108.20780408899186,96.91577228908506,1741.5201281970642,128.01562404644207,0.1737007809365571,90.85747126436782,87.0,15.0,220.0,205.0,0.2133319618677715,344.2174442190669,239.8521974306964,-1
MR037458B,1971,0.4295370182277499,140.97657979395782,60.5546597246431,1544.1992770231686,154.20765220960988,0.1686623034767355,92.60833940276768,94.0,16.0,251.0,235.0,0.1624016181385995,327.2886016023307,238.49599417334304,-1
MR037458B,1972,0.3499628876124604,160.5756273313864,56.19551022107432,1682.4246737675765,164.7573974060042,0.1539929786301572,77.34283612286187,81.0,12.0,174.0,162.0,0.1740943268808272,308.032186867758,252.13297774508,-1
MR040240,1331,0.954258724733518,56.56914056550257,53.98159593530761,805.2417741353462,66.85057965343307,0.2086332440356269,89.24596598342782,84.0,43.0,151.0,108.0,0.3395211616004948,269.4365460095944,292.25904928041865,2
MR040240,1332,0.7466421862987437,74.82557498758825,55.867930899793485,927.8103166302706,85.98255637046388,0.2120760294910187,84.63998724489795,82.0,40.0,129.0,89.0,0.4011327067497917,266.4001913265306,281.19451530612247,-1
MR040240,1333,0.6285258727319838,136.56441927741517,85.83427081047392,1703.1525958289285,143.12232530251876,0.1942831911391303,78.8757940108893,76.0,25.0,149.0,124.0,0.3007295399636364,289.6287431941924,264.28459618874774,-1
MR040240,1334,0.6599791408202911,128.02341843048723,84.4927857006296,1635.086578650952,137.05838172107534,0.1945915184818298,73.40380134886573,69.0,24.0,128.0,104.0,0.4112290496703019,284.4206008583691,268.84120171673817,-1
MR040240,1337,0.6979224242691775,116.04592169892722,80.99105099866644,1355.6824663563857,120.3328716519306,0.220113929452168,77.66838871823514,74.0,24.0,167.0,143.0,0.2964508064491603,282.1503769896677,268.14967886065347,2
MR040240,1338,0.6614597956492708,109.83426262575117,72.6509489117177,1113.0306627407956,117.5925167687128,0.2457858731657404,63.17190357439734,61.0,21.0,139.0,118.0,0.4412121538768762,279.47963424771405,278.15162094763093,-1
MR040240,1339,0.6384402919914699,140.427194048766,89.65437877203696,1601.2875887777366,153.05227865013967,0.2151818003449314,58.75988256265073,59.0,18.0,139.0,121.0,0.6591660814006637,278.8068575023592,241.67610359651883,-1
MR040240,1340,0.581039685642461,133.16975721522866,77.37691386941931,1732.6084399516394,146.8638825579659,0.1759258042100736,62.402559317515326,63.0,21.0,177.0,156.0,0.4542354332455271,269.2639296187683,239.41748866968808,-1
MR040240,1341,0.6939987378777804,94.42777577931602,65.53275721145135,1033.0062761231632,106.45186705737012,0.2330865610548708,69.55142185161428,69.0,20.0,160.0,140.0,0.3359810945515174,278.6232627752833,246.4996792815908,2
MR040240,1342,0.5377695089328378,78.71531357038363,42.330695524239545,571.4945160902307,80.52949770115296,0.3096159392578469,65.6810618066561,67.0,32.0,103.0,71.0,0.6771535258350265,284.284469096672,242.0677496038035,-1
MR040240,1606,0.6932959359062214,125.41356119530208,86.94871228422912,1630.5424227736648,141.82030884185804,0.1956055873489253,57.745387904703726,63.0,10.0,98.0,88.0,0.5332799804759291,261.94685400122177,198.1321930360416,-1
MR040240,1607,0.6496968559565695,170.8655672745936,111.01082184953916,2103.360748630627,186.80738743422327,0.1985573188712445,66.26322184105203,69.0,19.0,245.0,226.0,0.318783791669241,263.010863350486,218.4939965694683,-1
MR040240,1608,0.5974083656284064,170.37427569705497,101.78301758930112,2268.7476169825304,186.80738743422327,0.1787606724339275,64.05151675618428,65.0,20.0,182.0,162.0,0.4184794114791924,275.0762538769952,204.6287162417732,2
MR040240,1609,0.6631809002985299,167.58344886590527,111.13814249402373,2173.561758757403,181.8158408940211,0.1930627590747543,78.92611744704966,77.0,16.0,232.0,216.0,0.3155764721977162,273.150031876461,207.7401714245236,-1
MR040240,1610,0.7682122025823431,118.77055299228525,91.24098811612632,1402.8367952889218,125.8729518204765,0.2304939054591688,74.21446443464792,69.0,0.0,145.0,145.0,0.2885934729498118,290.6352913141904,243.6811628738234,-1
MR040240,1611,0.7222622616360674,122.8073692432512,88.69912825520622,1620.2409075835028,132.60844618650805,0.1979042298702779,75.91112184518778,72.0,19.0,146.0,127.0,0.2878071341520705,285.7621060258423,241.6354305035624,-1
MR040240,1612,0.8154295740046323,117.29072450206678,95.642325515415,1553.5891039679009,130.60245020672468,0.2093874264188223,68.0082304526749,63.0,23.0,129.0,106.0,0.3194576762778474,282.28289241622576,246.7263962375073,2
MR040240,1614,0.6816486037353069,143.07262091942053,97.52525228247384,1695.9393923933324,154.1460346554526,0.2130294616999448,78.34156574806904,71.0,15.0,199.0,184.0,0.3249965181409606,278.792028225422,228.91503766568133,-1
MR040240,1615,0.5357250981593192,131.73468408958203,70.57357656487825,1461.5992052356808,139.31618714277246,0.2017574968307778,83.65229226361032,78.0,28.0,247.0,219.0,0.3696803392418781,259.3213467048711,256.3921203438396,-1
MR040240,1616,0.7883817296762383,70.88663860992148,55.88573075822431,985.467170879763,81.39410298049853,0.1931959609344899,54.24328002722015,54.0,15.0,138.0,123.0,0.41450736832088,261.2963593058864,227.15991833957128,-1
MR040240,1987,0.5432612602922596,131.85111890880788,71.62960502934355,1509.9738802787576,135.5912976558599,0.1949548857771003,89.65483178239084,89.0,30.0,211.0,181.0,0.3297095883447965,261.36535433070867,212.64609878310665,2
MR040240,1988,0.726458283155972,89.73997810325953,65.19235042334844,1163.5159441150263,100.88111815399353,0.1992750758731294,77.84300184162062,72.0,30.0,145.0,115.0,0.3356281520371444,284.28706261510126,251.4534990791897,-1
MR040240,1989,0.6454090870698722,171.94406810535554,110.97426402295746,2241.291772859809,180.71247881648904,0.189007153616646,82.47456803830407,75.0,14.0,225.0,211.0,0.2556247595754753,260.5112067170911,222.15529803622232,-1
MR040240,1991,0.6812380605122145,168.51429601808425,114.7983521879409,2133.85317267979,182.0,0.2011509999896726,80.39664388659584,76.0,21.0,208.0,187.0,0.2594407915569883,260.4970566344137,218.78773935990256,-1
MR040240,1992,0.906962246075908,133.94066179857114,121.47912346572566,2225.8014408516883,154.20765220960988,0.1679729085599919,79.4408210414075,75.0,14.0,176.0,162.0,0.2669546177827213,264.7593744446419,207.0215923227297,2
MR040240,1993,0.6293644907128435,105.6429921123841,66.48794792819157,1174.8296526140152,118.81077392223315,0.2164115882887092,88.16983304548071,91.0,23.0,180.0,157.0,0.1916952613526123,243.12262521588943,250.82824793705623,-1
MR040240,1994,0.6276525685846508,97.83889662560657,61.40883477455009,1159.6164491784189,108.2266141020775,0.2056931335446,87.69096844396083,83.0,22.0,209.0,187.0,0.1835833290904979,247.77889009793253,250.44635473340588,-1
MR040240,1995,0.5253956718308583,85.70503826679922,45.0290561594744,1002.5626253092688,90.60353193998566,0.1666168080779146,80.00218722659667,81.0,33.0,127.0,94.0,0.3604025109284786,253.2134733158356,247.0804899387577,-1
MR040240C,1516,0.8146615177180464,64.93590383798971,52.90078197504982,830.4722215136456,74.94664769020693,0.2156143234513768,58.85923076923077,63.0,24.0,89.0,65.0,0.5791310650887574,313.8734615384615,229.8288461538461,2
MR040240C,1517,0.6682669652857236,48.088503390057525,32.135958225605975,548.867099092261,53.225933528685054,0.2125945815327294,49.41666666666666,46.5,22.0,134.0,112.0,0.440086201359181,281.4874551971326,383.3862007168459,-1
MR040240C,1518,0.7566525535396528,49.67766857939546,37.58873478449615,700.6904755831248,61.220911460055866,0.1818486053318786,62.98347107438016,63.0,7.0,129.0,122.0,0.2935620054855577,327.17505634861004,363.3260706235913,-1
MR040240C,1519,0.7507688642275872,102.13025219893076,76.67621344666829,1403.3048327204558,114.12712210513328,0.1943630764110542,63.92644366783159,65.0,15.0,155.0,140.0,0.3991161701448493,292.61607588617073,250.7671825594941,-1
MR040240C,1520,0.8155085816069166,105.35685456011488,85.91941902488549,1477.1038225936747,116.21101496846155,0.1970188359463798,66.98388042203986,65.0,31.0,147.0,116.0,0.4722231050605476,298.68786635404456,259.1270515826495,2
MR040240C,1521,0.4191546168551401,227.85329923579724,95.5057623403602,2547.642061285296,236.13555429032704,0.1542969276995853,62.44296975546976,62.0,23.0,203.0,180.0,0.5137732533968055,280.75289575289577,283.5067567567568,-1
MR040240C,1522,0.754620507265841,171.41413917077125,129.35262465358488,2089.9953083035166,178.7316424139833,0.2209761095257767,51.94637426900585,53.0,0.0,192.0,192.0,0.424853356588352,290.356783625731,330.98345029239766,-1
MR040240C,1523,0.837987547640927,159.77757778097836,133.8916205726895,2549.9679630931028,167.7647161950331,0.1689909099735861,48.7870215190722,46.0,14.0,215.0,201.0,0.3578573265061242,270.9247167661058,334.37145538647184,-1
MR040240C,1525,0.3987967760064543,259.8737917889084,103.63683033398924,2709.7913395839905,258.80494585691366,0.1833886524472376,53.682355317644685,54.0,14.0,202.0,188.0,0.3795360708729787,273.009392990607,290.73891526108474,2
MR040240C,1526,0.4392213030045037,253.41052385154765,111.30330048113062,3129.763994373553,253.03161857759991,0.1465406443016735,46.209754655631095,42.0,16.0,187.0,171.0,0.4032580107681388,266.3001477978126,280.1140999113213,-1
MR040240C,1527,0.6068297698648871,101.15223870380773,61.38218973394975,1259.0306627407758,107.64757312638312,0.1919250204718646,58.60496709828062,57.0,24.0,149.0,125.0,0.3944229939900027,274.1144130757801,238.273827212906,-1
MR040240C,1679,0.7443903864598651,106.006963863334,78.91056479766415,1413.8073580373944,118.81077392223315,0.1955008391359332,66.24508689296735,69.0,30.0,180.0,150.0,0.3345681087184088,259.9818093227221,271.744356017541,-1
MR040240C,1681,0.7852907320146317,103.93665848865264,81.6204946277088,1316.552524041469,118.81077392223315,0.2117992158903501,70.54005745292052,73.0,21.0,155.0,134.0,0.3171711634303001,257.2433769549952,269.4144589849984,2
MR040240C,1682,0.9786541783005832,57.48806152322421,56.26093161210436,819.9696961967043,67.67569726275453,0.2107541033201298,56.79695222405272,51.0,33.0,103.0,70.0,0.3741796693707949,301.5638385502471,285.0881383855025,-1
MR040240C,1683,0.8930485542391193,64.33700034962108,57.45606514631082,631.9625535217668,74.94664769020693,0.2965014268511813,54.32838458819371,50.0,32.0,104.0,72.0,0.4092963088328841,297.3375751148816,283.6967126193001,-1
MR040240C,1684,0.9496063831610172,74.23135861234715,70.49057196899942,1053.8935777509546,85.98255637046388,0.2114142257927067,46.05562484410078,41.0,26.0,106.0,80.0,0.6221125316628257,290.88575704664504,282.4512347218758,-1
MR040240C,1685,0.8355840366256501,83.68619931792263,69.92685223592851,1267.8246019801193,96.25487000666512,0.1841579750377806,44.272974196468994,40.0,24.0,113.0,89.0,0.6904864272889968,287.8205070167497,282.88433680398373,2
MR040240C,1686,0.5429028520944487,109.61250512882695,59.50894165965754,1352.167747730615,120.81390648431164,0.1772280500681736,44.053710094909405,38.0,25.0,184.0,159.0,0.6271887639295127,278.1240293356342,275.6876617773943,-1
MR040240C,1687,0.5221466758026005,162.71433661977002,84.96074997143828,1947.3536059556784,180.71247881648904,0.1728203174107046,68.81940937534307,69.0,14.0,235.0,221.0,0.3118549197427562,266.6399165660336,286.8321440333736,-1
MR040240C,1688,0.5025034482986943,170.39691795347434,85.62503885109055,2156.9831149946986,180.60177186284747,0.161778228351287,72.26434321817996,75.0,12.0,168.0,156.0,0.3188427736032606,272.7070212982778,287.70223173341486,-1
MR040240C,1689,0.4754456298966026,107.84131990944238,51.27268427322587,1070.90577105977,108.52188719332152,0.2067084047563729,70.51149861005813,72.0,12.0,214.0,202.0,0.2909342783929005,260.9244377053323,251.17260550922416,2
MR040240C,1690,0.9070252462294196,93.13591225029766,84.47662374162786,1503.103822593676,103.24727599312246,0.1533408127726193,61.092047298863896,59.0,17.0,206.0,189.0,0.32711940332768,256.02109900301417,264.9870159981451,-1
MR040240C,1692,0.6112493070727185,157.2949711687537,96.14644213292394,2056.840979370953,168.24089871371942,0.1812433766421476,68.36268456375839,69.0,20.0,255.0,235.0,0.3481230094740478,273.9804026845638,291.10917225950783,-1
MR040240C,1693,0.598859765907464,144.17759322785804,86.34215972953665,1933.076477383153,147.09180806557515,0.1700018198715993,75.9108250976787,70.0,22.0,247.0,225.0,0.3554207944863086,256.6647897035164,301.1391634107102,-1
MR040240C,1694,0.6212778120861173,82.16362463624493,51.04643694707126,1080.060099992321,92.78469701410896,0.1796952533621434,49.05408927989573,40.0,2.0,166.0,164.0,0.4919253179903386,302.0244379276637,283.3349625285109,2
MR040240C,1695,0.7789580634906179,65.34201133720084,50.89868661580797,800.0285706997497,74.43117626371358,0.2170273957964395,49.97583947583948,41.0,27.0,169.0,142.0,0.5236665076959917,305.461506961507,282.05159705159707,-1
MR040240C,2272,0.5899075845681474,122.49946964208148,72.2633662474394,1564.94444302723,137.7679207943562,0.1793372482281199,57.4832309872461,54.0,0.0,179.0,179.0,0.355653936123933,395.94599275704616,323.66320264525274,-1
MR040240C,2273,0.8779453850853806,82.40028489554251,72.34294985376214,1157.6997102991052,95.67131231461184,0.2050300862755226,43.456321334503954,40.0,32.0,112.0,80.0,0.7605637887616095,389.2355136084285,324.8114574187884,-1
MR040240C,2274,0.3361874094831618,211.8753645921055,71.22982995552037,2102.581094741144,204.70710783946905,0.1664600179430766,53.21105934778205,44.0,16.0,158.0,142.0,0.4332369094257894,332.7510633988252,313.27516710552965,2
MR040240C,2275,0.3532280070019385,229.1197815375432,80.93152379722592,2738.578136148389,221.41589825484527,0.1227666426776961,49.71239470517449,43.0,26.0,127.0,101.0,0.5158427485732915,326.69139043868284,336.576960945192,-1
MR040240C,2276,0.2852324808337546,171.4014624654484,48.88926435755353,1707.6967517062092,178.05897899291685,0.1477278806733479,55.480038759689926,52.0,35.0,98.0,63.0,0.4438593684273781,328.1056201550388,336.59941860465113,-1
MR048294,937,0.4907839623038821,59.64382888000113,29.272234664701667,566.4234482783653,65.30696746902278,0.2179237592814991,49.51123595505618,47.0,5.0,117.0,112.0,0.4120563008690409,310.1548956661316,194.43739967897272,-1
MR048294,938,0.8112411125394098,83.85063285917333,68.02308068780937,1008.07734393503,94.36630754670864,0.2304584633688488,54.75051641037411,54.0,2.0,156.0,154.0,0.4664281501217192,315.21528574707366,128.6481523984393,2
MR048294,939,0.7656742643347876,61.46487868127805,47.062075766714536,864.7981233214505,67.42403132415029,0.1867686020381023,82.70405278039586,77.0,19.0,157.0,138.0,0.3625010104635163,152.0659754948162,238.5815268614515,-1
MR048294,940,0.8467213519497127,71.60184632175957,60.62681211965582,1075.775828744859,81.88406438373708,0.1856171867037925,88.32571075401731,84.0,2.0,176.0,174.0,0.2473341472097738,152.77533992583437,238.3569221260816,-1
MR048294,941,0.938324758037154,71.786465024836,67.35901742477186,975.609306503494,81.41252974819048,0.2167669123625323,97.74232789604643,96.0,36.0,190.0,154.0,0.2222785392207978,154.5029029582527,239.93364666850985,-1
MR048294,942,0.9391409164318104,72.50501238814259,68.09242378009999,1012.6803743153596,85.44003745317531,0.2120777722544868,88.62382613361953,83.0,39.0,169.0,130.0,0.2391719566619816,158.2387979608264,235.60772739468743,2
MR048294,943,0.9567361849431818,75.04237051615581,71.79575127671961,962.4793641885832,85.98255637046388,0.2348969003318415,76.36940208182038,61.0,29.0,171.0,142.0,0.420852929544585,162.25708061002177,225.90050835148875,-1
MR048294,944,0.80558325899499,96.90297668999855,78.06341576824458,1286.6530291048657,111.73182178770736,0.2076614489063422,68.87298282144717,63.0,5.0,153.0,148.0,0.5520485277549924,155.87471802880444,246.9326739545376,-1
MR048294,1562,0.8171005419189803,70.9295107831211,57.956541698936405,973.7514421272252,78.81624198095213,0.2006883527005252,72.17458777885548,65.0,17.0,183.0,166.0,0.514422866355816,163.1949563530553,177.81926931781442,-1
MR048294,1563,0.7785916059459094,88.13208950908592,68.61890510624784,1159.5159441150277,100.42410069301094,0.2060741292072617,79.59480519480519,62.0,20.0,186.0,166.0,0.3389186859316729,165.0638528138528,173.537012987013,2
MR048294,1564,0.726350817417507,93.56270453207318,67.95934691666403,1231.2733034279015,103.77379245262264,0.1994981788180463,96.31004725703718,85.0,5.0,228.0,223.0,0.2489621085450759,162.07232381343744,178.3375796178344,-1
MR048294,1565,0.8443204456053534,81.43911643189155,68.76071107548093,1139.1139238614765,92.28217596047462,0.2012471718068284,87.52865194927196,81.0,4.0,188.0,184.0,0.2033140281791565,158.86636918741192,177.0664631282292,-1
MR048294,1566,0.7931254632549555,88.97522539006776,70.56851685571156,1042.7047609329975,97.082439194738,0.2344453743801994,109.0656146179402,106.0,1.0,243.0,242.0,0.1850357267027957,161.0361295681063,177.93833056478405,-1
MR048294,1567,0.8027314848873374,80.10752311142986,64.30483097788478,1062.6631303726529,89.0,0.2070257040853114,98.24546151879316,91.0,23.0,216.0,193.0,0.2295684581529938,161.04755816926618,181.3024801840961,2
MR048294,1568,0.8227506909362661,64.868200471053,53.37035675735108,940.1534623807784,74.43117626371358,0.1904040897207159,78.50326546292739,71.0,49.0,144.0,95.0,0.4169141105987669,159.53207837111026,186.81636573184787,-1
MR048294,1714,0.8327915417834235,29.314170950590583,24.41259362204518,361.3868683519049,34.539832078341085,0.2062261333654815,118.21598272138228,115.0,51.0,193.0,142.0,0.2659106493942688,275.3801295896328,189.47732181425485,-1
MR048294,1715,0.8349322291607097,36.16574194706352,30.19594354311273,308.96046148071173,43.86342439892262,0.3206472678986365,128.96882793017457,134.0,59.0,182.0,123.0,0.2480395022419015,278.3453865336658,184.2206982543641,-1
MR048294,1716,0.6929806245506294,75.25825283104614,52.152511049447526,754.2884553295715,85.44003745317531,0.2523859062270993,109.51774744027304,112.0,45.0,207.0,162.0,0.202995958019313,267.1655290102389,182.2924914675768,2
MR048294,1717,0.8629204218097033,74.5685005164907,64.34668191940723,1067.0895372438447,84.38601779915912,0.1966885397404502,116.98880179171331,118.0,47.0,241.0,194.0,0.1873336100490439,268.70240761478163,179.3927771556551,-1
MR048294,1718,0.8555921756773535,76.42171562783145,65.3858219430123,1187.19004230722,89.0,0.1816414211064795,124.21927263074063,130.0,37.0,223.0,186.0,0.1682999549903458,266.4815503052827,177.95513671356517,-1
MR048294,1719,0.8089859880077693,71.84482369209897,58.12145567779668,924.0113267570472,81.88406438373708,0.2141369017950354,129.60295969773298,136.0,37.0,209.0,172.0,0.1798241613740332,266.2840050377834,171.89955919395467,-1
MR048294,2027,0.8240257327477024,53.63361995020399,44.19548297937863,604.7077195258273,63.06346010171025,0.2442146586344168,119.40744920993228,123.5,44.0,186.0,142.0,0.1992341362248979,270.1247178329571,177.54401805869074,2
MR048294B,950,0.6162096382792294,106.38263462996623,65.55400480452292,1239.4743135546892,111.07204868912793,0.2047354982431288,63.70503181029497,65.0,3.0,142.0,139.0,0.7111166342544382,165.83863504916135,237.55002891845,-1
MR048294B,1052,0.615161046215609,133.95667031525497,82.40492545869165,1864.892711199089,147.63468427168462,0.1701193768917574,56.56542631838344,57.0,0.0,134.0,134.0,0.5754012906983779,163.2368161655988,236.8775258748152,-1
MR048294B,1053,0.7083977684201391,116.76557313434743,82.71647143667028,1556.885568524185,132.60844618650805,0.1906710139894106,63.95507042253521,62.0,0.0,140.0,140.0,0.4209794485221186,163.89211267605634,222.26788732394365,-1
MR048294B,1054,0.7884981929401851,95.43192203491552,75.24789807333953,1269.197184982152,103.77379245262264,0.2061741609269699,61.27448850262539,59.0,0.0,123.0,123.0,0.707856949928646,164.88647474198805,244.6161506427666,2
MR048294B,1575,0.7274766097879813,116.1439598052977,84.49201412650955,1356.753534168241,121.07848694132248,0.2260928812277316,69.88855103120042,70.0,0.0,143.0,143.0,0.4368992913914081,159.9574299312533,193.32826546800635,-1
MR048294B,1576,0.8207053726867417,85.31704694491017,70.02015880945474,1023.4082963767175,101.21264743103995,0.2322830085866402,77.36742756804215,77.0,2.0,144.0,142.0,0.3667629291439821,156.5239244951712,206.42471466198413,-1
MR048294B,1577,0.9027488727762468,88.53474719794433,79.9246432344742,1333.5575746753527,103.77379245262264,0.1920746312391662,69.57450832072617,68.0,1.0,158.0,157.0,0.3437333350880365,154.2411119515885,204.69875189107407,-1
MR048294B,1578,0.8688515204851106,90.43233199281372,78.5722691529705,1239.5159441150206,103.77379245262264,0.20867568022962,66.67377992206346,64.0,3.0,173.0,170.0,0.3859750388076354,152.81555019484134,205.025978845797,2
MR048294B,1579,0.8782763506425755,72.32015599603088,63.517082686095776,1138.9890321804512,83.73768566183328,0.1816917395569619,49.04913793103448,49.0,0.0,89.0,89.0,0.4784266415642754,143.54051724137932,204.1008620689655,-1
MR048294B,2037,0.7425298926124212,95.5174305128028,70.92454742128587,1111.190042307228,111.73182178770736,0.2270420586271152,97.1764935572042,98.0,27.0,194.0,167.0,0.2775397062933459,264.7887543928153,207.5197188598204,-1
MR048294B,2038,0.6989756694702878,57.95390336587396,40.50836840357811,596.9503602129466,68.00735254367721,0.2454203926426466,79.57323377369327,82.0,3.0,135.0,132.0,0.3003895309957075,265.7639287765652,220.7398047099368,-1
MR048294B,2039,0.7998299681923167,75.62332620731841,60.48580259499667,1128.6286424872396,85.7962703152066,0.1779672958255452,102.23504403279684,93.0,33.0,206.0,173.0,0.2315894476214119,253.7682963862739,218.000607348922,2
MR048294B,2040,0.911446737211458,67.73625470810259,61.73798834462437,859.8691911333159,78.81624198095213,0.2296854051139008,97.279099270536,95.0,49.0,171.0,122.0,0.3498261664920938,248.7500792895655,217.3203298445925,-1
MR048294B,2041,0.7202604385550628,43.99505765670085,31.68789952207063,471.31074990615696,50.0,0.2353363061264189,77.68389662027833,74.0,37.0,149.0,112.0,0.3068882925113336,258.07157057654075,221.89562624254472,-1
MR048294B,2042,0.7744785615172833,32.11322174627384,24.871001783739704,338.7594513539352,39.408120990476064,0.2395406119362351,120.52504638218925,121.0,54.0,215.0,161.0,0.2117609398287903,322.2968460111317,214.0,-1
MR048621B,951,0.7065584624384005,116.70343635010104,82.45780054880511,1309.0378054157095,130.60245020672468,0.231056628714041,53.32712946610515,54.0,0.0,135.0,135.0,0.3384944327345174,326.99932074446406,227.4144817280261,2
MR048621B,952,0.7258033056868645,153.62167982202968,111.49912303999822,1816.105914634689,160.64868502418562,0.2219196889381589,60.15727663494013,59.0,6.0,187.0,181.0,0.4169559360067058,329.647758673626,241.4379029782008,-1
MR048621B,953,0.6693016320144307,140.42318808778188,93.9854689598218,1906.130301252316,146.70037491431302,0.1798475789300184,60.36666314343093,61.0,3.0,194.0,191.0,0.4480296679314378,309.36137828982135,202.30504175034352,-1
MR048621B,954,0.9165074614979324,130.0005926356724,119.14651314974692,2021.5272708719808,160.90991268408544,0.185158342877932,57.90078097266596,58.0,0.0,207.0,207.0,0.545761719914173,309.2364217252396,203.1114660986865,-1
MR048621B,955,0.6413318097659312,173.6447861316546,111.3639249462321,1942.1059146346868,187.62729012593024,0.2209808119890826,54.31749474683115,54.0,0.0,179.0,179.0,0.5173196187663894,325.099505185386,214.18769063919203,2
MR048621B,956,0.7606564118057673,153.7675286625426,116.96425660469012,1847.176982446554,163.46559270990332,0.2215744313469565,56.57420363203335,57.0,0.0,127.0,127.0,0.5413670830171833,321.5621464721644,209.58075320035724,-1
MR048621B,958,0.5348772016157416,148.62764812485636,79.49754051175229,1466.032754781809,149.88328792764054,0.2227605899965655,57.320778917910445,56.0,21.0,85.0,64.0,0.6881950312134523,306.9065998134328,214.3178638059701,-1
MR048621B,959,0.5764500227914655,131.1954595118967,75.62762562576964,1550.2753954689206,136.48443134658254,0.1927766867661151,64.00263998888425,63.0,26.0,96.0,70.0,0.7560750508781342,306.7469779074614,228.94094761706268,-1
MR048621B,1055,0.7268659145289479,96.63376938969084,70.23979316181709,1068.420489685534,111.73182178770736,0.2373976948169915,53.404555105192046,50.0,2.0,183.0,181.0,0.2831068309254774,325.6925303995368,208.56958116193783,2
MR048621B,1056,0.6099011225730055,116.00688555106944,70.75272972379543,1343.6824663563784,124.80785231707178,0.2061600270915863,56.729935275080905,51.0,6.0,176.0,170.0,0.311249567976875,327.28576051779936,211.3080906148868,-1
MR048621B,1581,0.7134410859788857,99.10383359304927,70.70474666329585,1224.9717882377358,118.25819210524064,0.2078353964077705,65.29663608562691,65.0,21.0,110.0,89.0,0.8766477785493177,289.6823394495413,207.6664755351682,-1
MR048621B,1582,0.4012064683916309,165.36542659104515,66.34567879666871,1765.8561312726413,174.26990560621763,0.1768912543387143,59.05108280254777,57.0,3.0,176.0,173.0,0.3134591423587164,331.1630573248408,232.4687898089172,-1
MR048621B,1583,0.4463580463475106,178.70449581994495,79.7661896277075,2041.485640311631,188.73261509341728,0.1680892676634528,56.62809830186689,54.0,2.0,226.0,224.0,0.3006900560790503,331.41820483071405,231.1273072460711,2
MR048621B,1584,0.4467176153793107,159.7244747180536,71.3517364637619,1566.1576464628265,166.86821147240718,0.2043375873100641,55.270466949666464,51.0,3.0,227.0,224.0,0.3460605523460752,339.87810794420864,235.9554881746513,-1
MR048621B,1585,0.8406703132650132,141.9629753373158,119.34405894885462,1972.598338683841,153.79206741571556,0.2051540693088458,68.20623574144487,69.0,11.0,152.0,141.0,0.4771086816348364,320.9780988593156,224.39201520912547,-1
MR048621B,1586,0.6168281554647076,152.55865247737665,94.10247220780155,1812.3414126468683,167.3439571660716,0.2051591396788776,52.702361636920855,52.0,6.0,124.0,118.0,0.5214785826960971,325.9814314043627,220.4720569677303,-1
MR048621B,2043,0.6460419526282497,87.24879024426708,56.36637881385889,1363.5058428472375,99.76472322419384,0.1352795535570411,64.45399212316505,64.0,53.0,79.0,26.0,0.9731593317599148,196.40243465807376,221.0272108843537,2
MR048621B,2044,0.9195073604893224,96.13169087133495,88.39379733247668,1372.9789309126556,106.30145812734648,0.2071811654423093,61.067567567567565,61.0,1.0,144.0,143.0,0.9426570828981764,205.3530405405405,226.6698402948403,-1
MR048621B,2045,0.9093473250644678,111.15259582828772,101.07631569042536,1302.611398544516,124.32618388738553,0.2474665785289602,65.17395995683971,65.0,7.0,135.0,128.0,0.8585412773802831,223.97877952283892,221.56060424409543,-1
MR048994,969,0.7375632281140687,97.16718276796104,71.66694098908707,1243.15555442181,106.96261028976434,0.206505442532016,69.98457486832204,75.0,29.0,132.0,103.0,0.3460867599608434,280.4098946576373,197.5716704288939,-1
MR048994,970,0.7483521587299099,118.51485009741764,88.69084391195416,1517.4713549618118,128.8875478857442,0.2091656536460084,67.60729693085172,55.0,32.0,194.0,162.0,0.387263889305213,290.3046961666461,195.9559965487489,2
MR048994,971,0.8601980100087389,121.03555735305596,104.11454557539732,1766.1231585773971,130.0,0.1971168749833841,67.57448990054343,57.0,36.0,185.0,149.0,0.5342709831852185,295.3836768173895,193.65518302060903,-1
MR048994,972,0.7836478677676801,134.84143264688325,105.6682011804693,1458.9616869699405,143.5687988387449,0.2536788465725966,68.77467479305012,59.0,39.0,199.0,160.0,0.5431338595107897,297.29764395524427,190.67724915855544,-1
MR048994,973,0.7490596482490701,142.75442923243403,106.9315825468438,1700.5251788309586,153.4177303964571,0.225309999321787,76.02989892126051,64.0,41.0,177.0,136.0,0.4454895733571112,301.8207763526714,190.24360825617936,-1
MR048994,974,0.7990864654212749,137.91580459544946,110.20665281990895,1648.3414126468908,145.82523787054146,0.2325324633492006,87.99643433228627,81.0,44.0,190.0,146.0,0.3024544818931321,302.02920451651244,191.1744630274217,2
MR048994,975,0.7790803265713051,132.67830963233988,103.36706079729208,1747.9566363360275,142.22517358048822,0.2069285911344598,75.75347552847077,75.0,36.0,133.0,97.0,0.3860571070954517,302.4469624833365,192.1121691106456,-1
MR048994,976,0.800733397970366,126.110423020566,100.98082754473808,1728.743432900432,141.0319112825179,0.1984978335678809,92.74228329809723,91.0,52.0,183.0,131.0,0.3401746309150802,302.55591966173364,191.4587737843552,-1
MR048994,977,0.8049391115783052,88.75877629969582,71.44541053945468,896.4966081312857,106.30145812734648,0.2731247076999811,83.81740932642487,82.0,37.0,174.0,137.0,0.4528906333055921,293.6082901554404,204.84145077720208,-1
MR048994,1383,0.7746774635606772,126.9910500664933,98.37710456041802,1721.0104602051968,141.82030884185804,0.1939425221411096,83.78749024417438,81.0,28.0,168.0,140.0,0.2832621365093709,293.9308730070242,168.1365815587022,2
MR048994,1384,0.7811289270345481,99.9247536334866,78.05411558991693,1337.706852974016,110.72488428533129,0.203704665122702,77.72199031557857,77.0,34.0,142.0,108.0,0.3217597877513573,295.1689764568375,159.98313574887294,-1
MR048994,1597,0.8369518429849766,88.60939176992309,74.16179374761495,1121.3910524340074,101.82828683622247,0.2221157776476867,83.5745447268361,78.0,42.0,177.0,135.0,0.3064009708606833,291.2301380828497,167.05663398038823,-1
MR048994,1598,0.900688508795979,100.25523509554355,90.29873819719543,1146.645886429941,113.74093370462543,0.2552725478754706,81.08442313281023,75.0,35.0,198.0,163.0,0.2542051289977155,295.27826213310084,169.50305143853532,-1
MR048994,1599,0.8161814764145225,117.97582168724576,96.28968032591268,1404.2753954689367,132.07573584879245,0.2353761545864529,70.37250882587405,60.0,36.0,177.0,141.0,0.3414055756337697,295.72679649242684,171.43036100671904,2
MR048994,1600,0.7453793917478027,139.60286844043134,104.05710116437722,1798.2896808187627,158.80806024884254,0.2054897302393089,73.63725847612103,59.0,12.0,191.0,179.0,0.3186094348933665,294.1033539919796,171.90503098796938,-1
MR048994,1601,0.7031576346173907,148.264372253406,104.25322529173728,1893.686650438423,169.42549985170473,0.2009155862510968,76.49424398625429,66.0,17.0,192.0,175.0,0.4511209273626906,295.58341924398627,172.66254295532647,-1
MR048994,1603,0.7434319181882423,146.265440553251,108.73839703515172,2012.4734470028184,158.80806024884254,0.1917898203120294,76.89650560107006,66.0,18.0,224.0,206.0,0.4622292613003653,294.92835646213007,171.7848185922087,-1
MR048994,1604,0.7079232854234856,143.28322046077722,101.433528174651,1836.9932162624827,157.6863976378432,0.2002418364963425,78.51595108945482,68.0,13.0,199.0,186.0,0.4254704385491672,294.95090558058286,171.9042015261561,2
MR048994,2053,0.7941433920691409,63.73575230588571,50.61532653227465,769.0580079512723,74.43117626371358,0.2249186825707089,60.10941999177293,57.0,31.0,127.0,96.0,0.3993076877389797,227.4360345536816,193.06993006993008,-1
MR048994,2054,0.837484781239546,119.38129461145988,99.98001740177226,1677.3464632807702,136.48443134658254,0.1987834246345958,56.45418950665623,54.0,34.0,137.0,103.0,0.4124499295863934,222.12473431032555,162.86631614274526,-1
MR048994,2055,0.97024287020445,132.65482486025374,128.70739801888118,1854.6328265692653,150.41608956491322,0.2183662530726654,60.06497454213846,50.0,11.0,159.0,148.0,0.3453308806473965,219.21863363477468,150.76213998024167,-1
MR048994,2056,0.8862342178688524,139.64399827705404,123.75728959314436,2105.8460300048555,152.16109883935513,0.1933123293570616,69.96360628618693,59.0,9.0,193.0,184.0,0.5186137916685206,219.73937890066924,150.47356944131138,2
MR048994,2058,0.8353755483469604,128.89907856016694,107.67913843361738,1799.7556262092442,141.20906486483082,0.2034669861141453,67.01875580315692,54.0,42.0,165.0,123.0,0.4509814997297249,220.7362116991644,156.77205199628597,-1
MR048994,2059,0.8280404555690448,131.12027843146117,108.5728950867271,1599.3292193380717,139.48835076808385,0.2319021104201001,79.91977882523568,68.0,16.0,194.0,178.0,0.3905588318194654,220.5143219724438,151.96147570703408,-1
MR048994,2060,0.9207715059637436,99.94192820333072,92.02367974070118,1571.346463280788,118.81077392223315,0.1860934506231694,87.45987519953563,82.0,41.0,184.0,143.0,0.3052036246310772,222.5134233057612,150.63532143375417,-1
MR048994,2061,0.7442917340098871,86.06283035474877,64.05585323853471,1134.628642487239,93.30058949438636,0.200442066889821,95.2659345905944,93.0,54.0,183.0,129.0,0.3177910681392757,226.41561231797564,153.84077345428503,2
MR049453,1018,0.8473833134757667,75.78521398178977,64.21912573635902,990.3544725075546,85.44003745317531,0.2155550022394856,48.26995369109235,48.0,6.0,78.0,72.0,0.5260063989654088,355.09234540997005,218.79896485971125,-1
MR049453,1019,0.8179086679456044,90.7644166415138,74.23700311212039,988.0357133746874,99.32774033471212,0.2563104710386224,50.43347556245151,50.0,1.0,100.0,99.0,0.5010388824456627,343.00698215671065,210.921256788208,-1
MR049453,1020,0.9412834048994774,134.72659046894378,126.81590380710487,1845.3779925733345,153.05227865013967,0.2175997084380911,51.26136363636363,51.0,12.0,91.0,79.0,0.5262070006222538,322.98276128633273,205.14502164502164,-1
MR049453,1021,0.8527711406488826,109.15680242737758,93.0857709155795,1584.4835482706276,125.36347155371855,0.1932288890252996,58.78509990737065,58.0,36.0,95.0,59.0,0.7186723059920817,309.56067222442766,202.25168717745137,2
MR049453,1022,0.8168723795482496,147.3290583024728,120.34903843214376,1913.1353518862152,163.51758315239374,0.2152632112166235,53.26550558495003,51.0,12.0,125.0,113.0,0.4550882119346747,327.8239271017049,222.79548794826573,-1
MR049453,1023,0.927183494456776,133.7127117194142,123.97621930529796,1851.076477383168,153.05227865013967,0.2124024908631066,63.96597323012417,62.0,13.0,166.0,153.0,0.6046000092425958,329.9305757135946,224.54362199645217,-1
MR049453,1025,0.7348007711605951,132.4480186641137,97.32290625308364,1864.9932162624773,153.9415473483361,0.1857794036404476,51.84207802959743,52.0,21.0,160.0,139.0,0.4834215022882975,331.502949394598,233.84818379385283,-1
MR049453,1414,0.8624261308429956,47.78200256849006,41.20844759907296,698.8914857099012,56.60388679233962,0.1895464488525966,57.53658536585366,57.0,40.0,70.0,30.0,0.8679444936808751,320.202787456446,169.73588850174215,2
MR049453,1415,0.5418146744486994,140.2663262843356,75.99835391186234,1567.8489885977308,140.9432509913121,0.2014004720224623,59.86783042394015,59.0,5.0,131.0,126.0,0.4375127020354352,327.9331670822943,177.49576059850375,-1
MR049453,1416,0.8532113260973395,83.31773367223921,71.08763403391617,1252.2266222336714,92.97311439335569,0.1889283387148885,58.8289124668435,59.0,30.0,132.0,102.0,0.5965652486278116,299.15362511052166,172.71706454465075,-1
MR049453,1417,0.9009239620179496,117.59493993151686,105.94409919636496,1617.6723650885854,130.60245020672468,0.2139078067039386,50.66597424179477,50.0,26.0,114.0,88.0,0.4830175680300964,314.29393435812216,189.17012879102617,-1
MR049453,1418,0.8638166068427636,117.2082922311512,101.24646928894808,1486.4591616529997,125.36347155371855,0.2275266611177253,70.02624700500981,65.0,31.0,182.0,151.0,0.5222130881113176,316.9029623175779,196.65835329993465,2
MR049453,1419,0.7954254184738737,105.46765166902568,83.89165096429149,1239.6580797387503,118.81077392223315,0.2350693702444581,68.27597830866188,63.0,36.0,180.0,144.0,0.5847628855929938,306.45639747911474,192.69104499487028,-1
MR049453,1420,0.809827671223134,69.74252086645221,56.47942325850983,820.0702012600925,79.40403012442127,0.2345431769764236,68.00234035439652,67.0,37.0,149.0,112.0,0.6247780452692078,297.30558341691744,194.6295553326647,-1
MR049453,1421,0.9124091212983312,67.54801457852221,61.63142462703632,958.5382386916287,79.40403012442127,0.2057433542740467,70.15941568751985,67.0,46.0,154.0,108.0,0.6013318003537849,313.4445855827247,192.86376627500795,-1
MR049453,1422,0.7736392522129776,48.94691044401281,37.86725119404165,637.5189027078709,56.08029957123981,0.2014473328524647,60.86074074074074,56.0,45.0,141.0,96.0,0.6708740740740742,307.38666666666666,201.1148148148148,2
MR049453,2086,0.4318445281012336,102.82509208671804,44.404453369154645,1376.3342699719826,105.60303025955268,0.1247645738596509,54.75942622950819,55.0,38.0,84.0,46.0,0.6782373689868316,212.875,179.31475409836065,-1
MR049453,2087,0.6028372233442348,108.99247469156111,65.7047208084775,1417.2043276570687,121.59358535712316,0.1822804821855762,62.03132530120482,63.0,36.0,98.0,62.0,0.8046503430131733,232.4481927710844,171.7681186283596,-1
MR049453,2088,0.7334818258606725,122.468743529908,89.82859761517932,1704.6673144546908,141.20906486483082,0.1875847185484753,64.14334263866974,63.0,32.0,203.0,171.0,0.5118429467303582,226.9022939677145,161.09697778856656,-1
MR049453,2089,0.5456367464133561,177.73880565151393,96.9808236270879,1951.8632739475604,182.16750533506243,0.2072698196641473,72.62276360867911,69.0,34.0,213.0,179.0,0.4396403487023645,225.30072325846973,171.18203273696233,2
MR049453,2091,0.5711244432869309,150.75063761589985,86.09737398353066,1965.9709216858816,163.783393541592,0.1723148405395069,74.5349767542437,71.0,24.0,255.0,231.0,0.360224359858969,233.91696399610768,165.1588279814034,-1
MR049453,2092,0.7019086817761205,135.819315568973,95.33275675075276,1965.284630184863,146.37281168304446,0.167769353246922,88.96553691658107,84.0,50.0,255.0,205.0,0.5182329915174427,236.7649206892617,158.42588154741526,-1
MR049453,2093,0.6642369836992006,154.65514423004848,102.72766651693225,1878.3069247614565,170.0,0.204694724903877,86.59010868649423,86.0,51.0,139.0,88.0,0.6131719795795596,239.6393967478305,183.49431291599967,-1
MR049453,2094,0.5753311448760187,63.653701532052175,36.62195697803195,671.4183976444826,67.11929677819934,0.2030466280997417,111.30019749835418,100.0,49.0,213.0,164.0,0.1871336994947908,254.74983541803817,149.5398288347597,2
MR049453,2095,0.753419433079008,60.85389346110536,45.84850591211636,718.8742417671986,68.00735254367721,0.2157079953319063,113.460909555442,112.0,27.0,213.0,186.0,0.191797378956716,261.12161471640263,150.95758814512007,-1
MR050135B,1058,0.805624968094076,48.51459764708947,39.08457118153338,622.1046891454977,55.569775957799216,0.2078103996755798,78.2691466083151,78.0,38.0,113.0,75.0,0.4191912178974602,230.0080233406273,272.8366156090445,-1
MR050135B,1059,0.9561034979178852,64.74540411646062,61.90330734985504,750.1879502661835,74.43117626371358,0.2595938895579207,77.38907068062828,77.5,23.0,126.0,103.0,0.3838571362490063,231.91884816753927,268.90706806282725,-1
MR050135B,1060,0.9730435449069884,85.36687348366463,83.06568519217143,1076.0773439350237,97.082439194738,0.2420684654397999,76.45948417779404,68.0,23.0,158.0,135.0,0.3768959266683125,162.83793671117616,190.80903603438816,2
MR050135B,1061,0.8472057182995705,84.4786465888848,71.5707924643117,1080.3027406794392,93.30058949438636,0.2220105591455728,80.3590351066121,79.0,13.0,135.0,122.0,0.3035238074783338,165.79689855696748,189.4454016799483,-1
MR050135B,1062,0.7039203404660082,64.45295982605778,45.36974942480055,848.8742417671986,70.68238818828917,0.1925272161156874,82.94009216589862,79.0,37.0,128.0,91.0,0.3515075707702435,169.9479262672811,191.25714285714287,-1
MR050135B,1063,0.7640114192950439,78.62782588299491,60.072556848950526,956.1118318204352,88.56635930193812,0.2186086570357726,63.67423382519864,60.0,18.0,160.0,142.0,0.5193627675185948,187.07604994324632,198.12088535754825,-1
MR050135B,1064,0.8765463278168181,75.58576317095016,66.25442314272804,991.9940828143444,85.98255637046388,0.2192695577462712,79.06565524457233,73.0,27.0,179.0,152.0,0.3138010098848955,232.3348155898509,267.13261836254253,2
MR050135B,1065,0.7864346663696979,86.95173823475689,68.38186124891634,1026.5626253092682,95.85405573057407,0.2303818601639281,77.99800531914893,73.0,29.0,152.0,123.0,0.3008019788051405,230.2739361702128,251.96476063829783,-1
MR050135B,1066,0.7903667148627231,88.08745440503466,69.62139195872716,1108.6875169902871,97.082439194738,0.2177749689809706,72.99298320221135,71.0,38.0,123.0,85.0,0.3684256261435995,220.38826281097167,251.8384010206252,-1
MR050135B,1067,0.8035435708723664,43.7943296269542,35.19065201240425,619.5950211536191,50.60632371551998,0.1842410461435432,59.22336448598131,56.0,43.0,91.0,48.0,0.813456197047777,215.27383177570093,226.38971962616824,-1
MR050135B,1069,0.836238923327478,92.73675853810042,77.55008711278138,1263.4743135546855,106.88779163215976,0.2058403606500195,47.93119266055046,48.0,35.0,67.0,32.0,0.564009763487922,174.071376146789,144.77504587155963,2
MR050135B,1070,0.9286804831199096,110.37282670599431,102.50109002863285,1418.4347750353668,125.36347155371855,0.2322412210274265,52.304831860438426,50.0,3.0,145.0,142.0,0.4511422694623343,164.06897739010674,164.87455526225182,-1
MR050135B,1071,0.8062343540750488,120.33855458653896,97.02107682740323,1587.9150057757038,132.60844618650805,0.2095750431576326,58.29332585530005,54.0,13.0,114.0,101.0,0.4411849432337376,165.8524957936063,173.70454290521593,-1
MR050135B,1072,0.7988800000987226,114.7677455522756,91.68565657813213,1643.554616082491,125.92458060283543,0.1891218035716233,62.51863274222565,54.0,0.0,127.0,127.0,0.3106214309082086,165.30878951426368,190.1786173220252,-1
MR050135B,1448,0.814102801817846,49.46333278192251,40.26823780501163,698.7321061434675,57.14017850864661,0.189181963842143,85.81621243885395,85.0,60.0,135.0,75.0,0.4934965555062333,219.3885394828791,185.51572327044025,2
MR050135B,1449,0.7173585298734731,99.20820497600847,71.16785207297563,1167.2144289248613,110.6390527797486,0.2199725186998922,71.24590780809031,65.0,29.0,170.0,141.0,0.5675368793303178,208.84459078080903,160.44553151458138,-1
MR050135B,1450,0.8731363968819417,54.37728787269448,47.47878920537656,746.9575028878842,63.52952069707436,0.2056633151451984,65.12726332126229,63.0,45.0,97.0,52.0,0.749735112293921,253.1914123124677,264.77237454733574,-1
MR050135B,1451,0.6285173025698122,107.8667786980281,67.7961367841795,1212.9545442950357,116.29703349613008,0.2156152991296886,66.57324147933285,64.0,30.0,154.0,124.0,0.4043959269914773,203.86240029006527,158.43147208121826,-1
MR050135B,1452,0.8201543405653147,103.33407453783464,84.74988976050484,1420.8784258492633,110.72488428533129,0.203014100670832,69.18113995822142,65.0,15.0,124.0,109.0,0.3619703663688983,196.66442852879737,157.39391226499552,2
MR050135B,1453,0.7986346618921392,109.74826192317774,87.64876605426697,1358.1677477306164,120.22063050907694,0.2222314633416363,69.15900095537054,62.0,16.0,146.0,130.0,0.2645538937007815,200.93885628497333,144.473454346936,-1
MR050135B,1454,0.7022358238144213,108.95304862680632,76.51073385953804,1446.660171779781,118.81077392223315,0.1940624150959264,77.01699449252557,71.0,18.0,179.0,161.0,0.290951213940961,194.57277734067665,139.85051140833988,-1
MR050135B,1455,0.8075177557368696,61.53420904135288,49.68996638611666,791.8275605729732,68.24221567329127,0.2122621073448519,98.78010471204188,100.0,30.0,159.0,129.0,0.2542263248144392,239.54668411867365,240.15095986038395,-1
MR050135B,1456,0.7651471481875347,81.4562783542727,62.326039084741765,945.5504320004488,90.0,0.2318957116416078,89.7117813869554,83.0,42.0,200.0,158.0,0.3010804205403717,249.50090229440576,258.2485176591905,2
MR050135B,1457,0.8023317783110802,80.7498608940959,64.78817948953231,1191.8002153624846,90.47098982546837,0.1850363082185044,87.06205673758865,82.0,32.0,199.0,167.0,0.3027860155681406,249.5207700101317,267.34093211752787,-1
MR050135B,1459,0.7647744768821526,81.22372106629594,62.11782878889836,949.8519471906134,90.95603333479312,0.2282973688487765,91.4673340358272,82.0,51.0,202.0,151.0,0.2836616881393646,249.00105374077972,267.2281348788198,-1
MR050135B,2103,0.6665971894936621,84.127747575407,56.07932009219855,982.0945878777328,95.96353474106714,0.2119816222790806,99.17917261055636,98.0,36.0,186.0,150.0,0.2071991713488576,217.00998573466475,154.04821683309558,-1
MR050135B,2104,0.7692948968503063,89.89867299538794,69.15859036896639,1169.959594928922,101.21264743103995,0.2033561748597321,102.72834645669292,100.0,42.0,199.0,157.0,0.2052008918832652,212.1773840769904,152.91601049868763,2
MR050135B,2105,0.5405011950244353,123.5014113760488,66.75266043595877,1460.8023074035084,135.35139452550905,0.1843163049187738,91.96979006656426,92.0,40.0,158.0,118.0,0.2535372049326319,202.46219491380785,158.09336064174775,-1
MR050135B,2106,0.6271773741168807,159.2822320600282,99.89821204688413,2058.3140674363867,179.24564150907548,0.1882604404231611,75.21466445733223,70.0,31.0,170.0,139.0,0.3663056500708035,210.7466445733223,149.26147473073738,-1
MR050135B,2107,0.5394320237635524,62.06247718261755,33.47848766639867,716.7321061434676,71.11258679024411,0.1885950440590761,98.46657754010695,99.0,55.0,154.0,99.0,0.3047297248991964,264.6216577540107,241.1403743315508,-1
MR050135B,2108,0.4520890031997852,107.85361013310614,48.75943109657421,1265.3809511662214,114.82595525402782,0.1716219854253306,84.73995826812728,84.0,38.0,147.0,109.0,0.3553822986218087,278.2806468440271,253.13093375065205,2
MR050135B,2109,0.6011214729222221,106.86295353494518,64.23761602974523,1451.5058428472282,114.28035701729324,0.1702129302636473,94.00990699555196,91.0,21.0,200.0,179.0,0.2549091858059767,279.9328750505459,254.4490497371613,-1
MR050135B,2110,0.6990407062205539,84.09868215300911,58.78840216445738,924.6803743153596,94.36630754670864,0.232608560830277,96.9732118939191,94.0,26.0,193.0,167.0,0.2262027719697811,285.7704259308867,256.618537369408,-1
MR050135B,2111,0.8053803702090304,55.38409780444838,44.60526519343978,715.3767670841398,63.52952069707436,0.2101480291608551,77.475,77.0,36.0,117.0,81.0,0.4391073960302457,289.6391304347826,261.3559782608696,-1
MR051644,1133,0.906433071566163,90.26082449690772,81.81539639082645,1119.8174593051974,102.7277956543408,0.2372203342015615,48.561202954625394,51.5,0.0,157.0,157.0,0.2911650623452781,254.2492085824833,322.72142103411886,2
MR051644,1134,0.613295540143141,38.97110962632952,23.900807728257323,482.82546853191815,42.72001872658765,0.174671872921851,55.41638795986622,55.0,25.0,121.0,96.0,0.410974150177291,301.1705685618729,226.9983277591973,-1
MR051644,1135,0.7414694004778954,119.867915908103,88.87839174491593,1452.9028124668982,129.5569372901351,0.2197178833639401,83.07492373398414,84.0,5.0,143.0,138.0,0.4139453922297447,263.77742525930444,202.89249542403903,-1
MR051644,1137,0.6770740744239175,118.0128646140958,79.90345107870402,1500.4764055957055,124.77579893553076,0.1992447565299546,85.22188323394813,94.0,2.0,172.0,170.0,0.2469511969388513,264.68034946609345,205.2218832339481,-1
MR051644,1138,0.6919098089310753,82.65472121456025,57.18961236281768,1018.663130372657,90.70832376358854,0.2002716650482089,91.08333333333331,97.0,7.0,140.0,133.0,0.3324174451803914,254.2811387900356,206.27669039145908,2
MR051644,1139,0.5330975486476647,137.24964076575796,73.16744704499816,1490.4347750353586,145.96232390586275,0.2080216234868259,28.311424505110622,16.0,4.0,115.0,111.0,0.5522244416194527,298.10027170397206,258.4840212187864,-1
MR051644,1140,0.5127072710355257,105.20133162920666,53.93748764891389,1268.6875169902692,106.51291001564084,0.1799356773022015,51.34354953670706,36.0,11.0,129.0,118.0,0.2361107653722146,296.90710382513663,250.90686623901163,-1
MR051644,1141,0.7224876858565257,53.88087489728009,38.928268616460855,628.5239533417536,59.13543776789008,0.2181468244005315,34.6282722513089,21.0,1.0,91.0,90.0,0.372612627120967,310.67342931937173,226.119109947644,-1
MR051644,1142,0.4785207513479805,71.43310089779645,34.182221112729664,852.3128419472118,80.22468448052632,0.1705003042589672,24.69421965317919,13.0,3.0,78.0,75.0,0.5093848775435196,312.7167630057804,229.3080924855492,2
MR051644,1143,0.4511815971932928,81.8188504090797,36.91515960808768,770.4894654563482,84.86459803710851,0.2084647847009036,26.429184549356226,17.0,6.0,94.0,88.0,0.5452954228273967,315.5727229375298,236.5298044825942,-1
MR051644,1144,0.6748044408270152,79.42242306217791,53.5946037835996,886.6976182580622,88.56635930193812,0.2247717040124727,28.936156960448457,18.0,0.0,129.0,129.0,0.4228782425252808,322.4998442852694,250.86826533790097,-1
MR051644,1145,0.8580865928231812,66.7833863031312,57.30592841004816,877.9108216936588,78.00640999302557,0.2144458181461854,28.25910509885536,16.0,5.0,103.0,98.0,0.4519029766392848,331.68817204301075,270.02913631633714,-1
MR051644,1146,0.7965457425323087,79.20198528311391,63.08800417737096,1098.947401620111,89.40357934669059,0.1962797784541884,67.93234279649775,68.0,7.0,107.0,100.0,0.4823257219580691,258.1167418413372,192.40143274078005,2
MR051644,1148,0.7095104411558629,112.22519397379936,79.62494688515267,1460.7779207858764,128.01562404644207,0.1965872711410058,83.24465844116762,85.0,6.0,156.0,150.0,0.3812530852866274,255.91528739091183,201.61134517002708,-1
MR051644,1149,0.7120593853224374,120.75787028953027,85.98677489120955,1210.6286424872303,131.54847015454038,0.2578272872921249,78.91639994879017,82.0,0.0,150.0,150.0,0.3508478805244651,259.0257329407246,203.1240558187172,-1
MR051644,1729,0.7618264779789721,42.11061788824386,32.08098371131912,490.62445840514175,50.60632371551998,0.2214055654344994,57.36251287332647,59.0,35.0,78.0,43.0,0.6105090890192515,288.50978372811534,259.25334706488155,-1
MR051644,1730,0.6788482180915701,73.66001305070503,50.00396860407291,992.663130372657,80.62257748298549,0.1848027062741978,65.27998541742618,67.0,32.0,90.0,58.0,0.6202071517609735,289.5975209624499,248.8151658767773,2
MR051644,1731,0.5952332180627373,134.6187370828213,80.12954408534928,1499.7484835343469,146.37281168304446,0.2137519343875018,45.27553242981607,41.0,23.0,101.0,78.0,0.6020404870165468,316.1709825750242,238.69881413359147,-1
MR051644,1732,0.6431319729507091,120.10197063728046,77.24141733122231,1434.410388417726,132.60844618650805,0.2075332379256998,42.16598849445769,38.0,19.0,96.0,77.0,0.7121985101860885,316.5570366212993,241.1156166690052,-1
MR051644,1733,0.6893447611962286,89.06516932325535,61.39660787804112,1115.2316728675703,101.21264743103995,0.2033577412124917,79.46708313310909,78.0,51.0,122.0,71.0,0.4568628637259698,275.36785199423355,239.7871215761653,-1
MR051644,1734,0.7774430440494273,126.49016312057084,98.3388974587652,1551.0865786509603,140.85808461000738,0.216821432881369,79.98669159700836,82.0,19.0,149.0,130.0,0.3622802417251505,261.3838539375275,232.98801143862727,2
MR051644,1736,0.7563118820986978,133.62613684833644,101.0630350573435,1824.005409571304,140.60227594174995,0.1935294529743796,84.5855774985039,86.0,23.0,212.0,189.0,0.3122670603607957,261.89636943945743,227.45142629164167,-1
MR051644,1737,0.7191916690623583,138.13290583596708,99.34403510060274,1742.3657992645155,143.12232530251876,0.205120281732568,84.2975842587181,86.0,24.0,196.0,172.0,0.2721611751224177,260.92840444184685,222.26280927332945,-1
MR051644,1738,0.6814305740801277,138.94081453389387,94.67851901099186,1744.0398974567163,143.12232530251876,0.19975245091714,70.5389503895039,69.0,22.0,200.0,178.0,0.2562675237248477,264.2559450594506,217.94167691676915,-1
MR051644,1739,0.7333170438009378,147.22762243759902,107.96452485178074,1904.0470401316304,151.47607071745688,0.2019790220364058,59.32957034540859,51.0,28.0,194.0,166.0,0.3337926526417543,266.5437236731255,222.64212299915755,2
MR051644,1740,0.6399756069958565,186.16072817880945,119.13832501502422,2231.232898356768,206.70026608594387,0.1985544789452407,43.45251254685217,37.0,19.0,189.0,170.0,0.564662805412536,282.43015056222606,235.916142557652,-1
MR051644,1741,0.5785379624301966,190.6096306515224,110.27490733670412,2551.59032945719,203.92400545301183,0.1687434002846453,61.032541599570585,53.0,29.0,240.0,211.0,0.3397097840565016,281.6316425120773,239.6459339774557,-1
MR051644,2151,0.5022122172217843,160.26446735136253,80.48677349039603,1898.9759723197697,164.24676556937126,0.1812187377514931,64.399685204617,60.0,27.0,153.0,126.0,0.2988166380205437,251.9445960125918,230.188037775446,-1
MR051644,2152,0.6287929877316876,135.13576197323962,84.97241952055153,1592.0327547817983,146.70037491431302,0.2070549715685143,75.13119633657699,80.0,33.0,157.0,124.0,0.2696633594461877,257.8024041213509,231.28631940469376,2
MR051644,2153,0.6911625293856803,133.99025163264807,92.60904123144482,1594.0987719597786,138.92443989449805,0.2139677367892471,75.33115911035073,79.0,24.0,197.0,173.0,0.2641524051981579,248.804747647562,237.5393498716852,-1
MR051644,2154,0.5674417887036795,156.4314312198086,88.76573114084479,1741.0520907655318,160.9751533622503,0.2061416234503578,69.1337973704563,72.0,26.0,153.0,127.0,0.2903646464184264,244.91173627223512,230.9529195668987,-1
MR051644,2155,0.5304267076584501,196.4280179591279,104.19066685793511,2391.794298176774,204.70710783946905,0.1768626388018354,59.07855700257678,52.0,24.0,177.0,153.0,0.3376190588689937,258.4735009401769,221.38275645936343,-1
MR051644,2156,0.4637941980239159,234.0903161831793,108.56973045934257,2949.9578618253367,248.4532149117817,0.1557950298779363,59.9697684012022,51.0,25.0,191.0,166.0,0.3289311151993717,278.69379456656253,222.30632329542107,2
MR051644,2158,0.8959242050468291,192.20848167452647,172.2042311475082,3211.771137048511,218.5863673699712,0.143907955017648,53.30313953488372,46.0,18.0,231.0,213.0,0.4532979786371011,295.9986046511628,242.2142441860465,-1
MR051644,2159,0.6665672815309279,191.00907211211967,127.32039794552058,2649.507068336512,204.482273070308,0.1607684735009016,60.25255294359537,51.0,31.0,199.0,168.0,0.3394903244443032,302.47659516140084,254.02247961071893,-1
MR051644,2160,0.4778090698464863,175.6812265355543,83.94208344044304,2141.79429817674,190.2866259094422,0.1615578437522492,53.15896851698426,46.0,29.0,135.0,106.0,0.4486544890719628,303.22524855012426,265.1397058823529,-1
MR051644,2161,0.3739075597798167,132.8526094913092,49.67459502527635,1501.5302294648632,138.06158046321215,0.1635824487063953,66.22798774259448,64.0,39.0,117.0,78.0,0.3504651825203638,297.314606741573,277.74504596527066,2
MR052550,1182,0.951670657662994,62.78366792024031,59.749374540150114,872.4722215136456,74.43117626371358,0.2142662742645118,74.44786143513609,71.0,29.0,147.0,118.0,0.3859255269209061,254.05019441498763,294.1353835277484,-1
MR052550,1183,0.8806469319961585,74.02906170603993,65.19346606997836,873.6437943888993,84.05950273467003,0.2451079892816531,53.35426251691475,47.0,19.0,127.0,108.0,0.4358376989714733,255.545602165088,291.40297699594043,-1
MR052550,1184,0.8045303787776278,88.05527150600153,70.84314093809027,1242.4276323604497,98.00510190801292,0.1941546402196344,71.32298532851371,65.0,30.0,147.0,117.0,0.4209857588378878,248.0195619817138,293.1966829683181,-1
MR052550,1185,0.845206390633072,80.69580963147884,68.20461399783572,1060.989032180457,88.56635930193812,0.2135975939910631,72.66032281377981,70.0,48.0,122.0,74.0,0.5249374651822629,254.7388581064804,294.88605155384244,2
MR052550,1767,0.8755550979818972,64.40340564473367,56.38873013964266,976.3788591251948,74.43117626371358,0.1867766208083961,59.91278640059128,58.0,17.0,122.0,105.0,0.4766520321925654,255.12158167036216,287.88359201773835,-1
MR052550,1769,0.8505348198197272,75.76550809504717,64.44120277617102,902.0702012600926,85.98255637046388,0.2374653498623983,48.443243243243245,45.0,13.0,103.0,90.0,0.4861067932797663,254.4535135135135,287.14243243243243,-1
MR052550,1770,0.7925204521544061,82.98670913902087,65.768664249663,1076.3616151824856,92.65527507918802,0.2108558669143587,49.42256902761105,42.0,4.0,149.0,145.0,0.4696661858020519,255.7947178871549,290.64201680672267,-1
MR052550,1771,0.8284436732444942,88.91796687245511,73.66352709324896,1353.4225817265517,103.24727599312246,0.182435575703783,53.61028964958477,48.0,20.0,123.0,103.0,0.3940063680231972,247.15940854770105,287.2616973870772,2
MR052550,1772,0.6792196985780301,93.0332593672195,63.190022385134526,1270.4103884177457,103.61949623502326,0.1835711893257917,51.42426986642518,48.0,23.0,115.0,92.0,0.4255281513903026,243.0439212134933,286.1032374915101,-1
MR052550,1773,0.6605158571562864,82.46456268922636,54.46915130969266,845.9108216936588,88.56635930193812,0.2420434709054945,66.05452402004126,62.0,28.0,146.0,118.0,0.4303403211601632,242.94193928676688,285.1656351311524,-1
MR052550,2196,0.8356885319387537,42.14560036915699,35.2205949001782,573.5361466505735,50.60632371551998,0.197543763443674,73.94234404536861,69.0,37.0,146.0,109.0,0.2648521839187253,314.3327032136106,283.3648393194707,-1
MR052550,2197,0.9670143653919118,51.95081896690816,50.23718823487479,853.0823945689126,61.84658438426491,0.164493389987384,83.25092478421702,80.0,43.0,153.0,110.0,0.3410481039832999,309.36313193588165,286.7755856966708,2
MR052550,2198,0.727370449146869,64.98537572129996,47.26844192637999,779.2173875177061,74.43117626371358,0.2124585092924424,56.05083220872695,56.0,25.0,95.0,70.0,0.4124234655522389,305.3819163292848,285.2537112010796,-1
MR052550,2199,0.801652540935726,71.67247139925524,57.45641881235611,835.141269071958,81.88406438373708,0.2360477368932111,51.15046222505578,43.0,24.0,125.0,101.0,0.4555728317573555,301.9493146318138,285.3528849218999,-1
MR052550,2200,0.9174079483381048,72.02954225003495,66.08047457533739,974.805265996388,83.24061508662703,0.2172807108580542,46.401761144744086,38.0,21.0,150.0,129.0,0.5489797179393904,304.79168959823886,286.3527793065493,-1
MR052550,2202,0.882621367741947,74.06401723821439,65.37048419525593,1056.9646455628172,85.98255637046388,0.2001243646955227,51.872757383383934,45.0,7.0,125.0,118.0,0.436584693019549,305.981507038366,289.6265525807342,2
MR052550,2203,0.9542882691430152,63.70076259018819,60.78889047528083,934.3961030678976,74.94664769020693,0.2020708095543851,70.5532942393929,65.0,16.0,136.0,120.0,0.2641634820490371,304.11279751638494,292.5877888927216,-1
MR052550,2204,0.9490846774509322,47.38529011477818,44.9726527845031,701.4945160902308,57.14017850864661,0.1951606610841166,55.40524590163935,54.0,34.0,122.0,88.0,0.5306302606826122,304.21114754098363,285.807868852459,-1
MR052585B,1203,0.9671997299287532,31.900866043038064,30.854509021319743,459.7127701597098,39.408120990476064,0.1939316216105393,61.36874051593323,64.0,33.0,88.0,55.0,0.6090549667150993,239.6813353566009,333.90895295902885,-1
MR052585B,1204,0.9584270946684718,41.44853276681037,39.72539683796502,540.4234482783652,50.60632371551998,0.2249918120850749,51.14155629139073,51.0,31.0,103.0,72.0,0.463588493925705,243.4370860927152,329.7201986754967,2
MR052585B,1205,0.7670691294950474,60.11492523790746,46.11230337190153,666.063058585155,67.42403132415029,0.2384313023191998,47.956947162426616,48.0,32.0,81.0,49.0,0.4946882862734135,246.96771037181995,332.6448140900196,-1
MR052585B,2219,0.6958153083645421,62.78171522114372,43.684478536254986,730.673231640422,71.11258679024411,0.2035634250835605,56.90315439955728,56.0,34.0,124.0,90.0,0.4660505217213144,316.3857221914776,293.5545102379635,-1
MR052585B,2220,0.5717561253602043,65.33503545896282,37.35570672428813,735.0580079512723,77.07788269017254,0.1994549679311331,53.16562322140011,47.0,34.0,99.0,65.0,0.4441196106702549,314.9778030734206,288.1439954467843,-1
MR052585B,2221,0.4543649447824295,181.34299224637348,82.39589865870404,2443.399420598167,186.077940659284,0.1322665939691361,61.20806241872562,57.0,27.0,212.0,185.0,0.3658470785440298,258.9939709185483,234.97600189147653,2
MR056144,1235,0.8100261286476924,48.29084487852018,39.116846126073945,585.8204178980355,57.14017850864661,0.2208889732894534,57.57622173595915,58.0,40.0,81.0,41.0,0.6992510803924792,208.45295404814004,224.9890590809628,-1
MR056144,1237,0.5512277700463841,73.10833220458764,40.299342932945095,949.0823945689126,75.58438992278762,0.1594318923814145,47.11454448588172,44.0,23.0,83.0,60.0,0.5140314192298948,209.4118273841236,225.3676078849228,-1
MR056144,1238,0.9096255914334138,56.6051450528757,51.48948854689623,797.2001435750035,67.67569726275453,0.1920077496240504,51.31014644351465,50.0,28.0,93.0,65.0,0.4744002862344847,212.90324267782427,227.01725941422595,-1
MR056144,2248,0.6832793117954509,85.87943978334478,58.67964451254269,999.6854249492424,96.51942809610924,0.2146442724096844,62.02643647154033,63.0,32.0,121.0,89.0,0.5522151349501804,272.4181278661991,112.38251955759374,2
MR056144,2249,0.6784169800526825,74.58590196518409,50.60034236572563,715.3767670841397,81.41252974819048,0.2621630913976526,53.67066290550071,53.0,31.0,84.0,53.0,0.5409909564912937,271.74047954866006,114.3318053596615,-1
