ID_Paziente,ID,original_shape2D_Elongation,original_shape2D_MajorAxisLength,original_shape2D_MinorAxisLength,original_shape2D_Perimeter,original_shape2D_MaximumDiameter,original_shape2D_Sphericity,original_firstorder_Mean,original_firstorder_Median,original_firstorder_Minimum,original_firstorder_Maximum,original_firstorder_Range,original_firstorder_Uniformity,Centroid_X,Centroid_Y,Classe
100920,2458,0.87686802720312,70.95415975490407,62.21743408613774,1162.001225489267,81.88406438373708,0.1726540679212392,118.86269113149848,127.0,28.0,163.0,135.0,0.3568730653050154,198.70764525993883,224.49571865443423,1
100920,2459,0.750867360751208,84.26246537326604,63.26993498521432,939.4671708797632,96.25487000666512,0.2396279290686883,108.77745169968208,111.0,35.0,168.0,133.0,0.4594985227501972,200.4800684764001,223.8637808755197,1
100920,2460,0.9024315984096472,74.96293213339858,67.6489186666168,986.3788591251948,85.44003745317531,0.2214966906347764,99.80108921161826,106.0,26.0,144.0,118.0,0.3770038018026549,197.1460062240664,222.26841286307047,-1
101016,2,0.8990509286490288,79.00384140080968,71.02847697823852,1214.87128317435,88.56635930193812,0.1894857111830578,123.35867537313432,131.0,40.0,178.0,138.0,0.2248777175804744,267.3017723880597,287.8313899253731,-1
101016,113,0.8768900666968747,99.71805296539142,87.44177011570457,1335.58196129299,112.44554237496476,0.2161832894899214,121.40178704393148,132.0,22.0,157.0,135.0,0.4987344433423575,272.9971705137752,289.4153387937453,1
101016,224,0.860323490080034,111.3533919298142,95.79993877730764,1444.777920785872,121.07848694132248,0.2218507990899041,127.40203315986928,135.0,29.0,183.0,154.0,0.527953685367359,274.9891080721288,289.5698898705071,1
101016,335,0.8203516250379126,117.4837461852686,96.37798209862676,1603.3292193380764,128.50291825480073,0.2053998883361071,102.37182130584192,108.0,16.0,153.0,137.0,0.6381476364237549,275.42852233676973,289.88911798396333,-1
101016,446,0.8181071383990534,107.62065386841192,88.04522516892148,1252.3271272970612,114.82595525402782,0.240172473394063,126.6251717504809,136.0,23.0,159.0,136.0,0.4883350131748052,274.8333333333333,290.2223138224787,-1
101016,557,0.8175224786261446,85.9495599504081,70.26569728748403,1223.1555544218097,95.85405573057407,0.1954060275196236,129.66313284292514,141.0,47.0,209.0,162.0,0.2571107908464044,274.65772392903506,292.8394634357421,1
101016,1347,0.8470226740967071,86.2498525477947,73.05558074547974,1139.047906683496,97.082439194738,0.2147057163698763,134.28103626943005,142.0,49.0,220.0,171.0,0.1863208139815834,270.3059067357513,172.7218652849741,1
101016,1358,0.9057062074991282,101.2385127155964,91.6923494044951,1522.937300352295,113.07077429645558,0.195594218754058,123.86470588235294,134.0,26.0,183.0,157.0,0.2653525724015096,270.3957983193277,171.5281512605042,-1
101016,1369,0.8907912055695186,108.47901948153194,96.63215654295314,1438.736290225528,119.4026800369238,0.2201853331751095,116.35758552305404,122.0,4.0,159.0,155.0,0.3265650498280726,272.57759048091225,171.63336638572136,-1
101016,1380,0.8523040134634082,113.4382045355354,96.68383700571984,1401.6235918533298,125.36347155371855,0.2307350016980539,117.2079761904762,124.0,0.0,173.0,173.0,0.2869381519274377,275.39464285714286,171.57535714285714,1
101016,1391,0.8427107992440238,104.813402291176,88.32738601628232,1196.60425586959,112.92475370794484,0.2487330792314226,130.12034303388162,137.0,10.0,178.0,168.0,0.2593230734979737,274.0968648952622,169.9583860537045,1
101016,1402,0.8596037389923064,85.14771972192621,73.19329823963672,1011.3910524340148,95.67131231461184,0.2400593032605929,120.59877843302444,129.0,33.0,176.0,143.0,0.2223626815068323,274.7622156697557,167.65606571187868,-1
101016,2461,0.8297697766325383,112.53819620685478,93.38079392919066,1466.760676843167,124.27791436936812,0.2162621857409243,92.98888614472708,93.0,0.0,161.0,161.0,0.2106630184292796,282.7630279081255,182.8968881205236,-1
101016,2462,0.9111158612118222,112.52061790096722,102.51931968292614,1366.552524041469,125.09996003196804,0.24426132722641,102.56874580818244,108.0,15.0,144.0,129.0,0.2952168634431224,277.67493852000894,185.52939861390567,1
101016,2463,0.9545497982704204,113.53375021274856,108.37361836246346,1394.9373003523133,124.77579893553076,0.2476203277242004,100.75206438800042,104.0,21.0,143.0,122.0,0.328114507762799,278.9824396362496,183.9530678373576,1
101016,2464,0.8506064352157566,94.17066878493848,80.10217687704025,1056.1950929411182,103.61949623502326,0.2553105524200117,116.22149948647724,127.0,32.0,167.0,135.0,0.2879731128082293,278.4924683327628,183.31718589524127,-1
101016,2954,0.7649126389106505,82.08161386560417,62.785263867984334,997.1067811865528,92.78469701410896,0.2172016751381897,74.38554852320675,73.0,21.0,107.0,86.0,0.4805034527497374,246.3570675105485,286.2143987341772,-1
101020,2753,0.7188969817707991,110.4752109023124,79.42029567816485,1710.3241687041864,119.70797801316336,0.1654036449633243,85.01793444650588,84.0,46.0,180.0,134.0,0.3199664950592594,335.095547309833,344.4316635745207,2
101020,2754,0.7210340516265341,113.0574802405514,81.51829304453159,1373.983981546539,125.36347155371855,0.2140562539208699,102.216915995397,99.0,34.0,202.0,168.0,0.2249903497399892,324.31947640966627,334.5159666283084,2
101020,2756,0.7268518908221006,113.5880390698363,82.56168097268514,1382.6774157224895,124.33824833895642,0.2146100825002186,89.26586741889986,87.0,16.0,196.0,180.0,0.1980946564521038,323.96995768688294,332.5407616361072,-1
101020,2757,0.5050505280108712,199.37087556852595,100.69236597587374,2853.822868876573,214.0327077808436,0.128204624093335,71.92724415272257,69.0,5.0,162.0,157.0,0.2637305634342772,316.5821392252936,330.99805861144495,-1
101020,2792,0.6047969946835678,77.6842970516007,46.98322939091365,958.780879378748,83.24061508662703,0.1899351143851018,126.0948148148148,127.0,52.0,201.0,149.0,0.19879561042524,328.22592592592594,242.5651851851852,2
101020,2793,0.5500969652620334,143.74227640359905,79.07219002947625,1968.8998538740184,149.56603892595405,0.152757418249797,103.06675786593708,94.0,18.0,218.0,200.0,0.2626147117772442,301.15225718194256,218.00328317373464,2
101020,2794,0.7032686101555666,89.86753829573131,63.20101875534111,1146.6286424872376,101.82828683622247,0.1978618748122116,104.81957773512477,102.5,21.0,219.0,198.0,0.14856059880416,324.0146353166987,241.8618042226488,-1
101020,2795,0.8277517048763084,78.2252383584539,64.75107441556581,1054.361615182488,85.44003745317531,0.2061486000513477,136.34945112388917,142.0,40.0,233.0,193.0,0.1542275880028495,326.50914793518035,249.0203868269733,-1
101020,2796,0.8363811550127072,76.5062046400397,63.98834780247493,1037.9179643685943,85.44003745317531,0.2060736298082662,125.44246833737536,124.0,36.0,252.0,216.0,0.1600390399869411,326.63567771490165,249.23093505793585,2
101020,2797,0.7854637642168304,92.92421606479762,72.988604537154,1215.0306627407851,106.30145812734648,0.2080682775269807,89.54806201550387,72.0,38.0,224.0,186.0,0.3322545219638241,332.2610465116279,240.2717054263566,2
101020,2798,0.6599061825580297,111.3499746891385,73.48053672504263,1457.3637072234958,124.33824833895642,0.1856775901786921,64.38261163734776,60.0,34.0,140.0,106.0,0.5511369618637629,325.29905277401895,217.75422868741543,-1
101020,2800,0.7137693389686905,57.75966618670714,41.22707875313819,655.193000900066,68.24221567329127,0.225169532651494,100.28781869688385,104.0,36.0,160.0,124.0,0.2399855548154627,274.7654390934844,155.93031161473087,-1
101020,2875,0.684872817406027,51.12823661485592,35.01633945941836,411.57063453597874,56.60388679233962,0.3127523766796172,96.3980582524272,99.0,35.0,139.0,104.0,0.291540452702601,384.54070201643015,143.93651979088872,2
101020,2876,0.981288943083666,121.75904459838928,119.48080418483036,1928.5495654485849,146.21901381147393,0.1883020303789756,76.70799131993584,70.0,12.0,162.0,150.0,0.4094316352904639,331.16086423247475,197.99764128691385,2
101020,2878,0.4743003250699657,123.06621845429588,58.37034741800395,1335.2144289248463,123.69316876852982,0.1923774866605315,112.9090909090909,114.0,15.0,241.0,226.0,0.148032441445708,318.400826446281,229.87716003005252,-1
101020,2879,0.5160906043844354,119.60803044883464,61.72858072357103,1218.6458864299318,123.69316876852982,0.2163166610673835,136.93354769560557,141.0,38.0,243.0,205.0,0.1496595591673186,316.9808860307253,230.2113254733833,-1
101020,2880,0.6983058101288252,97.947850124934,68.3975528318688,1271.5159441150158,106.45186705737012,0.1936061905790024,137.02067553735927,141.0,40.0,239.0,199.0,0.154572192149217,312.37952917093145,231.83050153531212,2
101020,2881,0.4409779826636291,91.84847641081596,40.50315583836954,955.349421873672,90.70832376358854,0.189221776681555,120.40953453453452,118.0,50.0,221.0,171.0,0.1803416592267943,306.4474474474475,231.9309309309309,2
101127,668,0.6190275138072748,47.09426740417722,29.1526472657828,480.7249634685299,52.392747589718944,0.2198046992094739,122.80957562568008,143.0,14.0,179.0,165.0,0.2270706319614569,256.43634385201307,204.7334058759521,-1
101127,779,0.9529383779806004,64.37827385465472,61.348527864245575,927.4082963767175,74.94664769020693,0.2070622897578403,117.06923076923076,125.0,15.0,188.0,173.0,0.2014207894766278,263.1551839464883,188.64615384615385,-1
101127,890,0.8495801753572596,59.59496571763253,50.63070142479612,681.9625535217666,67.67569726275453,0.2447801620757483,129.76739034116082,152.0,25.0,184.0,159.0,0.268343904819133,261.4142667257421,185.19007532122285,1
101127,1001,0.7934017533020812,48.04434606803983,38.118468406634754,614.7077195258273,56.60388679233962,0.2066018478184711,90.95075757575758,84.0,11.0,158.0,147.0,0.2465117079889807,264.61742424242425,184.90681818181812,1
101127,1413,0.5059625184436366,62.03430647575159,31.387033934375665,711.3767670841399,65.73431371817918,0.1814925830796903,131.21010248901902,151.0,19.0,181.0,162.0,0.2910122210813116,258.24084919472915,223.98975109809663,-1
101127,1424,0.5835567997824462,80.87738172886475,47.1965460564796,1000.5798692519712,85.44003745317531,0.1791682254003464,116.06534199465035,126.0,13.0,179.0,166.0,0.204425255694922,255.4222392051968,231.68742835307603,-1
101127,1435,0.8932940318237026,68.83803432715314,61.49260522692107,990.663130372657,79.40403012442127,0.1961558072524685,137.79360939028368,154.0,4.0,237.0,233.0,0.1766466744393152,254.89729377241605,241.09585914574504,1
101127,1447,0.7354618935102711,60.37834183862272,44.40596961564389,783.9280656363615,67.67569726275453,0.1925960431341807,126.56223175965664,143.0,0.0,241.0,241.0,0.1531013418924644,254.79560085836908,248.5568669527897,1
101127,2468,0.5941025633280466,64.88025774760986,38.54552743723938,869.6093065034939,72.47068372797375,0.1679521797237001,116.16515323496029,140.0,1.0,202.0,201.0,0.224483708921216,204.1572077185017,238.5732122587968,-1
101127,2469,0.5771468421738509,72.72877185152292,41.97518100928892,803.4427842621228,78.2368199762746,0.2016597373933961,128.19728209934397,149.0,3.0,186.0,183.0,0.30269989433363,203.12464854732897,240.37910028116207,-1
101127,2470,0.6878504458642914,58.71269808562269,40.38555555609109,755.2001435750035,67.35725647619564,0.1917082890817115,121.74433468913422,144.0,4.0,176.0,172.0,0.2669822586695234,199.7850087158629,233.80069726902963,1
101127,2471,0.6499599508895261,51.507668449777945,33.47792165605167,615.4356415871853,61.84658438426491,0.1979462310027924,115.15819672131148,131.0,12.0,178.0,166.0,0.2125866702499328,199.7844262295082,233.87131147540984,1
102648,330,0.7728684651593163,61.59892875258697,47.60786952046997,734.2468247692289,70.21395872616783,0.2234460018396382,57.06086956521739,53.0,0.0,253.0,253.0,0.2547100314710765,244.65034324942792,216.32311212814645,-1
102648,331,0.642330066050435,81.11801494785185,52.10453989933386,1018.520994748926,85.98255637046388,0.1946873474554019,79.99748822605966,81.0,0.0,250.0,250.0,0.2056047652728523,246.8784929356358,212.21915227629512,-1
102648,332,0.5413374858609777,85.16051778752694,46.10058059371892,1000.4621202458804,89.0,0.1887768484182153,78.98553719008264,80.0,1.0,228.0,227.0,0.1804419571371111,241.73760330578511,205.75964187327824,3
102648,333,0.6117531519898045,71.95489822372875,44.018635789471645,967.8519471906134,79.40403012442127,0.1723005686764999,63.426178933450856,66.0,0.0,214.0,214.0,0.2364121319386888,240.69105332745704,204.84927280740413,3
102648,334,0.8103357737129144,51.01626868405474,41.34030755603942,633.3767670841398,61.220911460055866,0.2176659490359719,100.04967741935484,105.0,5.0,211.0,206.0,0.1733277835587929,240.2606451612903,204.2754838709677,-1
102648,337,0.7686817346936077,39.20249024049342,30.134238202371705,423.12698372208297,44.29446918070021,0.2411462242149144,91.43157894736842,97.0,16.0,142.0,126.0,0.2485510071474984,236.56140350877192,206.55438596491229,-1
102648,539,0.4488971572979033,91.86190875475528,41.23654970396903,976.0945878777328,98.48857801796105,0.1792836939698438,77.00080128205128,74.0,0.0,251.0,251.0,0.2102887055185733,250.5176282051282,287.5232371794872,3
102648,540,0.7367776323743188,63.468469287744654,46.76214853224667,699.1757569573633,70.68238818828917,0.2382958223697087,68.13460684140382,74.0,0.0,162.0,162.0,0.2664951121975306,248.69569080408704,287.50955131052865,3
102648,541,0.7129286482216882,64.9123611538714,46.27788189030756,744.9991334482269,70.68238818828917,0.2241191057533558,68.26246140273489,70.0,0.0,212.0,212.0,0.2641359534363605,247.9867666519629,288.1733568592854,-1
102648,542,0.6642205237014872,62.92234105466369,41.79431032785231,680.1463197058406,68.24221567329127,0.2279905324701486,65.70158405723045,70.0,1.0,239.0,238.0,0.3047976565133508,248.8160449667859,290.4706182933061,-1
102648,741,0.5113889157044792,53.47495884572929,27.34650122145916,540.0386719675148,59.13543776789008,0.2048611233592198,88.24702380952381,96.0,2.0,196.0,194.0,0.171819885361552,242.3571428571429,259.67559523809524,3
102648,742,0.7233430713456596,48.874326676955945,35.352905568460415,530.4234482783651,56.302753041036986,0.2333372473620338,98.59409888357256,101.0,0.0,219.0,219.0,0.2141052936822264,236.50637958532693,255.1435406698565,3
102648,743,0.7782900593531566,51.073334632959735,39.74986864284986,581.6782822743046,61.84658438426491,0.2340550915352209,94.73461283917936,101.0,1.0,238.0,237.0,0.2333897327386503,235.97021839841165,255.34480476505627,-1
102648,744,0.8128995477936177,53.82243806449596,43.75223556377876,613.7199128346473,60.60528029800704,0.2395167043909483,87.42881548974943,99.0,0.0,255.0,255.0,0.2272319830220889,234.374715261959,257.5398633257403,-1
102648,745,0.9201458766286124,48.59008269158559,44.70996423370578,685.8204178980358,57.14017850864661,0.2036949439930631,79.22558286074354,84.0,0.0,248.0,248.0,0.2057577140034678,233.94896030245744,257.1140516698173,3
102648,747,0.7675962604823862,53.03592201910395,40.710175413099634,676.7909806465129,61.220911460055866,0.2059801318470969,88.36782334384858,86.0,0.0,249.0,249.0,0.1658454159161699,231.2403785488959,256.29337539432174,3
102648,748,0.5198663253109836,50.11344301016383,26.05229146637527,272.04877323528,52.80151512977634,0.4052018291711877,96.04912998976458,95.0,17.0,255.0,238.0,0.2179703288218587,230.24257932446264,260.07369498464686,-1
102714,1580,0.952420521405939,81.37551773174347,77.50371302774536,1232.4448763031537,95.67131231461184,0.1983932202707151,111.14919187733112,114.0,23.0,162.0,139.0,0.3699033021334741,185.5698300870286,297.71425611272275,-1
102714,1591,0.9262051658015108,80.16875915796062,74.25271886800031,1098.4621202458727,95.67131231461184,0.2154594380383674,115.3047324192835,121.0,17.0,171.0,154.0,0.3159845003668732,189.04754533392304,300.18929677134014,1
102714,1602,0.8737254854301368,68.08929696491036,59.49135404326305,788.6143571373766,78.60025445251433,0.2473127252273588,118.25650195058518,133.0,37.0,158.0,121.0,0.3928761365730915,194.8276983094929,294.8133940182055,1
102714,1613,0.8477376088626369,56.52327996578236,47.91691020326573,789.1168824543179,64.00781202322104,0.1970197177234217,105.8997455470738,105.0,42.0,176.0,134.0,0.2038164054153798,195.6279898218829,292.81882951653944,-1
102714,2001,0.6582276551074859,72.521880724735,47.7359074934271,893.467170879763,78.0,0.1971654651253491,107.01227722772278,113.0,29.0,156.0,127.0,0.2361059503970199,194.20950495049505,188.1326732673268,-1
102714,2112,0.8136098571404682,81.55238094195782,66.35182100765134,969.9524522540016,95.01578816175764,0.2285736450063215,107.95538190068062,115.0,18.0,151.0,133.0,0.3428764366777109,193.7179228636249,196.56717922863623,1
102714,2224,0.7938924513824231,90.11681280712406,71.54305743021867,1197.4570696119815,96.51942809610924,0.2058889426871605,106.1041581736649,112.0,15.0,153.0,138.0,0.326309589711775,192.0232368528333,193.5966163880962,1
102714,2300,0.7062906129974563,96.96303674646992,68.48408266175912,1227.1139238614678,102.88342918079664,0.2036564843261518,108.78568588469184,117.0,30.0,157.0,127.0,0.2680382120794122,192.5765407554672,189.31809145129225,-1
102714,2489,0.6611405280846319,70.27561577022313,46.462057721798,845.2417741353463,78.81624198095213,0.2032879815510148,144.49000832639467,160.0,40.0,244.0,204.0,0.1981023307665483,170.62989175686928,319.22356369691926,-1
102714,2490,0.7574526093461655,86.94990159589379,65.86042984620208,1141.1311678041802,97.082439194738,0.1977443496932528,125.3492950899368,134.0,25.0,173.0,148.0,0.4486782744291342,180.81064657267865,318.9363150218765,1
102714,2491,0.8878514244598606,86.58853009384053,76.87774978570182,1341.7240969167206,100.88111815399353,0.1809662440493298,112.4431175361408,118.0,7.0,167.0,160.0,0.3306666115342829,183.7228158390949,320.6249738110203,1
102714,2492,0.8983189621746074,79.58473214811146,71.4924739882356,1251.0722933011214,94.36630754670864,0.1825901504276499,92.58767772511848,98.0,31.0,133.0,102.0,0.3159373104826935,182.37227488151652,321.4789099526066,-1
102714,2493,0.8452621988738354,46.57391806641759,39.36717239498998,624.1219330882003,53.225933528685054,0.2056930578637217,82.24925595238095,84.0,37.0,118.0,81.0,0.45021413513322,187.63318452380952,318.7730654761905,-1
102935,1691,0.6669186404364004,40.390689677297885,26.93730384587206,398.2152954766512,45.65084884205331,0.2443591597164428,85.11612903225806,92.0,10.0,156.0,146.0,0.3193123829344432,243.5909677419355,139.81032258064516,1
102935,2333,0.6160944580082846,38.884975464763926,23.95681788362917,460.256926036994,42.72001872658765,0.1862073661536934,79.32247557003258,83.0,6.0,181.0,175.0,0.3189105454699784,252.92345276872965,139.1628664495114,1
102935,2498,0.8259238846959062,44.1326468617269,36.45020713795007,658.933116270244,53.225933528685054,0.1782238667327389,74.7359649122807,81.0,14.0,115.0,101.0,0.2539535241612803,160.2614035087719,145.61140350877193,-1
103478,348,0.6695085615658395,76.59439663598447,51.28060431576133,756.3717164502572,85.7962703152066,0.2530181530762211,105.1349797023004,110.0,2.0,178.0,176.0,0.3304780442429426,254.09100135318,199.22395128552097,-1
103478,349,0.8010209343643483,76.71263320382769,61.44842512647959,825.5432893255111,85.44003745317531,0.2494790816500334,102.59549575899386,107.0,2.0,206.0,204.0,0.318143769470898,256.2781515062884,200.16993272886808,3
103478,350,0.7318674682304276,71.95532470190027,52.6617613152781,963.6093065034942,81.04936767180853,0.1936870386994611,102.81342756183746,110.0,0.0,169.0,169.0,0.4249250209142329,255.42014134275612,198.80883392226147,3
103478,351,0.8947229416403234,55.5593434883274,49.71021924148144,692.4062043356627,64.00781202322104,0.2314928270737895,118.61601150527324,129.0,5.0,175.0,170.0,0.3835371453207201,252.03739213806327,198.888782358581,-1
103478,352,0.8554681311091721,59.86757677033694,51.21480401375502,903.467170879763,71.11258679024411,0.1836806016243335,94.2135231316726,102.0,14.0,152.0,138.0,0.3421214270335989,248.50578291814944,198.682384341637,-1
103478,353,0.8648832301960485,57.33638460944199,49.58927752877719,746.5727265770338,67.67569726275453,0.2157970041590162,96.64251893939394,103.0,20.0,165.0,145.0,0.3027424457644628,248.8503787878788,201.47679924242425,3
103478,354,0.7778548641614552,54.10421264493168,42.085224977485815,733.6194077712591,64.00781202322104,0.1950868166845518,71.28185096153847,71.0,16.0,114.0,98.0,0.4065728723650147,248.32151442307693,202.20372596153845,3
103478,555,0.7244392161151705,64.99154621539734,47.08242479439532,810.4549775709428,71.11258679024411,0.2071527365787263,82.57211328976035,82.0,15.0,142.0,127.0,0.2799377257560008,253.3124183006536,221.91285403050108,-1
103478,556,0.6262652149915667,83.6630694007582,52.39527014512021,890.9402589451817,89.0,0.2258144402900186,98.2406727828746,101.0,4.0,185.0,181.0,0.2737122763703017,251.6045871559633,226.39633027522936,-1
103478,559,0.6833091837420259,89.67026287084919,61.27251412821284,1142.3372285648406,95.46203433826454,0.197633050711141,102.34443364122508,102.0,5.0,187.0,182.0,0.3128692024506239,254.8055420515313,230.8140495867769,3
103478,560,0.7448960914040192,88.9143274519371,66.23193498876503,1077.131167804187,99.76472322419384,0.218923799432359,88.84450879928714,89.0,4.0,149.0,145.0,0.4443317570273137,256.3330363109824,230.59122298953,3
103478,561,0.7833051794096696,92.60451867971776,72.53759911856243,1338.2266222336625,103.77379245262264,0.1860504926756138,92.10385460355502,95.0,9.0,151.0,142.0,0.4024537407166616,257.08548032754146,230.1226283203515,-1
103478,562,0.785509436221456,93.49980401980088,73.44497834241042,1439.7240969167194,103.77379245262264,0.1717912118166002,81.6046042003231,83.0,7.0,146.0,139.0,0.4534065803930985,256.60581583198706,230.59794022617123,-1
103478,563,0.6685523114988162,90.69198829585002,60.63233840961412,1111.557574675374,97.082439194738,0.1975591567369327,87.11955965181771,90.0,8.0,157.0,149.0,0.3056833015705222,256.9508448540707,227.50025601638504,3
103478,564,0.8199931646205249,88.34281133803792,72.44050144055169,1376.59415460181,101.11874208078342,0.166887441287091,62.06892523364486,54.0,8.0,173.0,165.0,0.2809656956939471,252.21121495327105,230.49672897196265,3
103478,762,0.7618980196074594,51.7717917846042,39.44482563221968,592.3645737753196,61.220911460055866,0.2302608269978072,75.45148514851485,77.0,4.0,140.0,136.0,0.388774521016458,199.82046204620465,283.639603960396,-1
103478,763,0.6713707071238793,81.29235226184804,54.5773040218004,935.9280656363616,87.72684879784524,0.2169694887578241,77.1475360576923,77.0,8.0,156.0,148.0,0.3810672195705435,196.33533653846155,265.23768028846155,-1
103478,764,0.6369709329499716,95.8878129482724,61.07774967219344,1183.8763338082365,100.2845950283492,0.1980331896007428,65.75653742110009,65.0,1.0,147.0,146.0,0.3876698233406321,196.5876916140668,262.9197475202885,3
103478,765,0.6924806748375021,89.8089404299389,62.19095567536512,884.0702012600924,95.0789145920377,0.2609117312400446,69.86456876456876,69.0,16.0,150.0,134.0,0.4134637390581446,196.94895104895105,266.7920745920746,3
103478,766,0.7171921264571238,88.57343400197362,63.52416947948519,861.3839097590775,96.51942809610924,0.2672293954980738,80.64166861963909,82.0,7.0,159.0,152.0,0.3896827803414335,198.1607686899461,270.57815795640965,-1
103478,767,0.6851010620804047,77.64945485934578,53.19772399410223,898.1118318204352,85.98255637046388,0.2171425098183583,86.24764686790003,90.0,14.0,146.0,132.0,0.4555456635991067,195.4761441090555,269.3631937682571,-1
103478,769,0.9836283981024924,47.85585159201129,47.07237464128068,694.9747468305867,57.14017850864661,0.2060610864135796,78.94149253731344,86.0,10.0,122.0,112.0,0.4270061038093116,199.76059701492537,279.30328358208953,3
103478,770,0.665808414187489,55.89219912793272,37.213496466820246,679.2762620207516,64.00781202322104,0.1993020247150906,89.78852568378919,102.0,13.0,176.0,163.0,0.3208031505103914,205.4456304202802,281.3315543695797,3
104019,389,0.6759126564711272,34.588060120384235,23.37850759815197,325.44574285495025,38.8329756778952,0.2534694179619617,119.25178571428572,117.0,40.0,215.0,175.0,0.3324681122448979,254.92857142857144,228.36607142857144,-1
104019,390,0.7371522466321684,43.14257897882978,31.80264901975013,584.6488450227819,50.60632371551998,0.1801221793489558,106.39087947882736,121.0,6.0,182.0,176.0,0.195205136276129,258.814332247557,226.2160694896851,-1
104019,392,0.9650224496785974,35.68667687538968,34.4384443391771,604.2224381515887,42.72001872658765,0.1615260920128589,117.70759493670886,134.0,21.0,189.0,168.0,0.1979650697003685,261.81898734177213,227.4430379746836,3
104019,393,0.6018966960015348,38.96048490856656,23.45018714108388,401.6711395993671,42.37924020083418,0.2150936186686986,98.01130856219709,93.0,19.0,158.0,139.0,0.2375059048285185,259.907915993538,228.9499192245557,3
104019,595,0.6976138731193214,56.527189511464414,39.43415161164258,703.3767670841398,68.24221567329127,0.1887082640797318,98.66411682892908,106.0,9.0,184.0,175.0,0.2019697810860007,252.84700973574408,285.35118219749654,-1
104019,596,0.711010994941036,57.75951055421479,41.06764706645952,711.1168824543179,68.24221567329127,0.1947656421444918,128.17101080737444,140.0,10.0,202.0,192.0,0.3212285027577173,255.26064844246665,284.61538461538464,-1
104019,597,0.7387603605954186,63.29981256592394,46.76339235682438,921.2661607529864,72.47068372797375,0.1704825616966691,118.39020771513351,130.0,7.0,206.0,199.0,0.2799135327422096,254.40751730959445,285.0192878338279,3
104019,598,0.7707384161519384,56.095210510798616,43.234733702802494,870.597113194674,63.06346010171025,0.1642661989548725,106.14624037892244,117.0,4.0,173.0,169.0,0.2535091935033254,255.8087625814092,284.4357608052102,3
104019,599,0.5883050730343677,59.731942384698336,35.14060472711461,584.2224381515887,64.00781202322104,0.2309329742175929,100.0054054054054,104.0,10.0,226.0,216.0,0.1887563915266618,252.49594594594595,292.99594594594595,-1
104019,804,0.6156039515869074,40.1374564755686,24.70877681300753,443.02647865869466,45.65084884205331,0.2035295107256521,111.98074074074074,123.0,10.0,184.0,174.0,0.2485223593964334,218.3303703703704,307.3851851851852,-1
104019,805,0.7402603012021389,49.62492738290618,36.7353636916044,618.4478348960054,57.14017850864661,0.2036655394926108,103.30245022970904,111.0,11.0,142.0,131.0,0.3201398188124547,218.3874425727412,304.50995405819293,3
104019,806,0.6636850511503259,53.76765094096717,35.684786164988665,712.6316010800792,60.53924347066124,0.179595467838239,101.19910846953938,111.0,4.0,170.0,166.0,0.207245506470109,217.32466567607727,299.27117384843984,3
104019,807,0.7924084885590542,47.82991681609079,37.900832092143794,614.0214280248122,52.80151512977634,0.206993851353589,90.55052790346907,94.0,6.0,149.0,143.0,0.2117733507139948,219.05957767722472,296.14102564102564,-1
105187,418,0.8339811574566576,45.83843635424735,38.22839220671853,531.8132752230982,52.80151512977634,0.2330613146223208,115.13221153846152,119.5,3.0,178.0,175.0,0.342300244493754,252.39983974358967,196.17868589743588,-1
105187,419,0.6510989594369953,55.64018663762935,36.227267622640674,611.6782822743045,59.13543776789008,0.2207195171984827,117.29368279569891,123.0,6.0,213.0,207.0,0.2942256691525032,249.4233870967742,194.0174731182796,3
105187,420,0.8111790534174349,42.8915663162199,34.792740163982394,577.6782822743046,49.72926703662542,0.1964151001536761,127.484934086629,140.0,9.0,192.0,183.0,0.2824770092317732,249.5084745762712,194.9030131826742,3
105187,421,0.8797502898133917,34.66298762464583,30.49477340858018,458.9259735953065,43.86342439892262,0.2042212273602751,101.2931506849315,111.0,9.0,173.0,164.0,0.188947269656596,247.03013698630136,192.8397260273973,-1
105187,621,0.6645917724296947,34.20230851817017,22.730572839277954,403.8132752230981,40.44749683231337,0.1915260342575261,76.93027888446215,85.0,8.0,153.0,145.0,0.1911795050872208,251.88844621513945,275.6414342629482,-1
105187,622,0.5573571411625771,44.23629758052897,24.655416355100648,445.02647865869466,50.0,0.2131452169114055,78.08479138627187,81.0,9.0,138.0,129.0,0.2610221194133129,261.42799461641994,277.35531628532976,3
105187,623,0.7340794767788887,54.13941360347084,39.742632411151725,564.0214280248122,61.84658438426491,0.2473631695795449,103.67109424414927,111.0,4.0,166.0,162.0,0.3698661484956759,264.0885515496521,276.0993042378242,3
105187,625,0.8030157301564881,60.04501974783746,48.21709537507044,858.0702012600926,67.67569726275453,0.18855009118309,109.52673545966228,116.0,8.0,212.0,204.0,0.2568600860997786,263.00422138836774,274.4235459662289,-1
105187,626,0.7003416536212477,59.70767632721971,41.81577277288728,644.6488450227819,65.73431371817918,0.234787546451747,113.23845327604728,120.0,14.0,173.0,159.0,0.2844400013383158,263.1482277121375,275.4183673469388,-1
105187,627,0.5080524890866386,63.71443999175022,32.37027982856996,704.0041840821094,67.06713054842886,0.1919386778495895,106.85848423876593,112.0,6.0,241.0,235.0,0.2312470845641701,263.48893360160963,274.5224681421864,3
105187,833,0.8605953068697344,37.63552727803671,32.38895814704626,513.7544007200526,45.65084884205331,0.1958313191533819,90.7797833935018,100.0,9.0,147.0,138.0,0.2640910795715367,198.2346570397112,271.51744885679904,3
105187,834,0.8023387272173007,40.050570064375286,32.1341234097782,409.1269837220829,46.14108798023731,0.2620225463627594,101.3244680851064,109.0,8.0,141.0,133.0,0.3315278406518787,193.92127659574467,271.42021276595744,-1
105187,836,0.928353802856177,42.93576050936611,39.8595765473921,580.0214280248122,55.86591089385369,0.2123315493975074,100.49717969379532,110.0,3.0,162.0,159.0,0.2821948975411033,194.85012087026595,267.99435938759063,-1
105187,837,0.9970098408809772,40.92119348378868,40.79883260393183,497.10973977938033,50.60632371551998,0.2472321203680296,106.75425790754258,115.0,1.0,162.0,161.0,0.2630348571883372,195.6050283860503,268.676399026764,3
105187,838,0.8683707568529427,45.47660631668505,39.49055504632311,562.9503602129466,53.225933528685054,0.2251568669476343,85.5388719512195,96.0,2.0,135.0,133.0,0.2575847709696609,197.0602134146341,266.1432926829268,3
105187,839,0.7675146871923322,39.97983736231011,30.685112367133755,441.9137802864864,46.14108798023731,0.2308248467729342,95.77634660421546,103.0,2.0,142.0,140.0,0.2193918685453219,200.55269320843087,269.7166276346604,-1
105555,2035,0.7857880977706082,38.986870843755305,30.635419078342863,417.47012947259054,45.17742799230607,0.2460310248280995,122.82217090069284,142.5,14.0,179.0,165.0,0.2445903493004923,315.2055427251732,78.20900692840647,-1
105555,2046,0.3965294515488459,69.13840074542435,27.41541212854744,639.7199128346473,73.10950690573696,0.1926762623612056,88.31789137380191,92.0,6.0,159.0,153.0,0.206463268993253,325.9289137380192,84.42891373801918,1
105555,2057,0.6371031724105878,44.091888665025614,28.09108214606225,504.96760415564927,50.0,0.20059472551569,106.6615566037736,124.0,1.0,184.0,183.0,0.2970168431826272,335.8891509433962,91.61792452830188,1
105555,2531,0.7780293605511145,47.566483321611486,37.00812060237864,607.5361466505738,57.14017850864661,0.2054263147823763,119.78980392156863,140.0,18.0,178.0,160.0,0.234638985005767,254.9192156862745,61.78666666666667,-1
105555,2532,0.7912983718930264,40.82130141505252,32.30182934828555,467.2691193458141,46.14108798023731,0.2292937026222975,126.5709711846318,141.0,13.0,177.0,164.0,0.236713369150847,283.0394877267876,77.63820704375667,-1
105555,2599,0.9725862877099234,41.004186158581774,39.88010919654168,578.9503602129466,50.60632371551998,0.2082267027127328,105.86256323777404,121.0,4.0,161.0,157.0,0.2322827592286626,339.4300168634064,300.9974704890388,1
107495,50,0.95995140524234,62.897116003138485,60.37817489290326,822.555482634331,72.47068372797375,0.2288773321582489,100.54256803907886,108.0,4.0,213.0,209.0,0.2560632172853129,255.84717376133983,248.74075366364272,3
107495,51,0.7995344568291174,74.95326946436562,59.92772158875804,917.5088014401058,85.98255637046388,0.2222506688180666,83.02523003858711,86.0,1.0,157.0,156.0,0.4033193009332643,253.4591867022856,246.28584149599288,-1
107495,52,0.8070503676758739,77.13308542727465,62.2502849540566,1083.9768388716338,89.80534505250787,0.1920019196794886,118.44985754985755,122.0,3.0,237.0,234.0,0.2551114033165315,254.73931623931625,245.2851851851852,-1
107495,53,0.8145377617217978,74.61182123219358,60.77414586445788,1088.604255869606,85.44003745317531,0.1849410961097255,128.97297297297297,136.0,8.0,229.0,221.0,0.2805975073979728,253.97570604312176,246.20376556331613,3
107495,54,0.885706386170184,70.77839165221107,62.68887348921779,954.3961030678976,79.40403012442127,0.2068865082016233,114.7101678808996,113.0,9.0,252.0,243.0,0.2078492981944081,255.47101678809,254.37218878682293,3
107495,198,0.51068192912171,57.24259923204024,29.23276100375922,599.193000900066,63.52952069707436,0.200625956555645,95.64611486486488,109.0,3.0,161.0,158.0,0.2002388262417823,213.7347972972973,269.7829391891892,-1
107495,199,0.7872951073936609,67.06990665533576,52.80380936309537,809.8275605729732,74.09453421137081,0.2241661988252824,96.68614232209738,100.0,0.0,159.0,159.0,0.2855141746973586,211.8936329588015,255.43445692883896,-1
107495,200,0.7637434260362536,72.68395053734156,55.51188940123883,852.5554826343313,81.88406438373708,0.2287266357936217,82.82146341463415,83.0,1.0,151.0,150.0,0.406921065503338,210.6478048780488,257.80650406504066,3
107495,201,0.6970351454246482,73.86488603145091,51.48642157670744,809.1585130146607,81.00617260431454,0.2333463393815541,78.64303093500173,80.0,5.0,150.0,145.0,0.3479524120017944,209.53979840111228,258.11122697254086,3
107495,203,0.8358680198718903,58.98847738663403,49.30658178842357,683.1341263970205,67.67569726275453,0.2389560821392144,78.67764378478664,81.0,2.0,136.0,134.0,0.4046798682367195,209.2704081632653,260.1948051948052,-1
107495,204,0.8260227210271023,46.9654409985362,38.7945213678487,589.5361466505735,53.225933528685054,0.2154651348079597,66.4,71.0,1.0,120.0,119.0,0.289375578497686,210.4566037735849,269.50716981132075,-1
107495,2984,0.9247758560467072,50.21032901095236,46.43329999349029,807.2590180780489,61.84658438426491,0.1781857191618589,82.15683962264151,84.0,3.0,167.0,164.0,0.3361537413225346,256.4823113207547,208.3673349056604,3
107495,2985,0.7416800866600407,64.38058482550758,47.74979773260657,730.3300858899145,74.43117626371358,0.2309021715156993,103.5986129172085,103.0,3.0,177.0,174.0,0.2750485743902625,254.94191590810576,209.4889466840052,3
107495,2986,0.8689437933189913,59.96917419244311,52.10984170498888,722.7737367038103,70.68238818828917,0.2346526510062654,91.9605826906598,94.0,0.0,160.0,160.0,0.3362039784446456,258.5402742073693,208.3650385604113,-1
107495,2987,0.7547268154925355,61.15683352381577,46.15670221103662,864.9818895055244,70.26378868236469,0.1832103455187129,92.10510948905107,99.0,3.0,176.0,173.0,0.2706578814949,253.95133819951337,212.9970802919708,-1
107495,2989,0.6883020816329689,57.93399986241275,39.87609270262283,537.3107499061568,67.35725647619564,0.2729005476819166,103.44890929965555,106.0,17.0,182.0,165.0,0.3526760351734219,251.3553386911596,215.9454649827784,3
107495,2990,0.828419179780328,51.56780711950305,42.71976047700887,743.5016587651683,60.166435825965294,0.187982903581034,103.01439299123903,107.0,41.0,154.0,113.0,0.2834542865690999,249.10638297872345,219.38735919899875,3
107495,2991,0.9049165484823042,41.687116876844655,37.72336192037268,540.3229432149769,50.60632371551998,0.2167521395516642,94.7488908606921,98.0,19.0,149.0,130.0,0.2783866835573395,251.30789707187225,217.11357586512867,-1
107946,2578,0.5538494555153778,152.53482440593024,84.48132944435822,2102.071426749267,156.7801007781281,0.1521585428043809,100.65939393939394,101.0,14.0,207.0,193.0,0.2330842093663912,343.7236363636364,268.77381818181817,-1
107946,2579,0.5358704537083692,174.5299705787497,93.52545451974292,1984.0297961889207,189.44656238633627,0.1895482785827567,116.02033987848904,127.0,4.0,183.0,179.0,0.3332891616064881,346.32033107334684,281.962490094215,1
107946,2580,0.7521860089526637,126.69360159280184,95.29715454192844,1821.395236516041,142.6639407839276,0.1809393359337456,108.28107489994282,115.0,2.0,186.0,184.0,0.381336874358655,351.4249285305889,279.3056603773585,1
107946,2581,0.4856361266112988,135.62402964882102,65.86392843406941,1624.8023074034988,156.6780137734711,0.172053964145571,108.91944180145892,113.0,10.0,204.0,194.0,0.2688171264254393,351.08658420551853,284.8036790358389,-1
108514,47,0.7037396268460892,88.42040161477146,62.224940437960605,1036.864140499432,99.76472322419384,0.2136727781207962,96.30345872254482,101.0,15.0,144.0,129.0,0.2915569570288347,156.20550366069173,324.1767230497349,-1
108514,58,0.7944874890029862,99.79508060612528,79.28594300561106,1506.192134348236,112.92475370794484,0.1781021610997511,97.74156336088154,99.0,0.0,179.0,179.0,0.2307231902989322,157.2064393939394,322.83006198347107,1
108514,69,0.7266547325067767,118.7022182097735,86.255528621184,1332.1677477306184,125.92458060283543,0.2342668712082521,94.6428936605317,98.0,5.0,166.0,161.0,0.2454026609436226,156.58410020449898,317.9752044989775,1
108514,80,0.8393857906785449,119.1615912229688,100.02254646720525,1685.0520907655402,130.60245020672468,0.1984048895268943,109.79017559457655,115.0,0.0,200.0,200.0,0.2309188908196783,163.4924427650589,319.5875750166704,-1
108514,91,0.7259681796027883,129.26344752691162,93.84114969029255,1832.566809391289,141.82030884185804,0.1845345722393811,100.61114127483982,104.0,13.0,168.0,155.0,0.2325660117038621,164.1830817678358,315.83494407644696,-1
108514,102,0.6667126795363505,116.7106477965095,77.8124687228341,1458.417531092664,125.09996003196804,0.2004662976681465,121.74061186022908,129.0,41.0,181.0,140.0,0.2476651566582491,163.91735537190084,309.8452950558214,1
108514,114,0.6465728335612432,88.38062894340062,57.144513687859366,1143.7758287448526,98.71676655968832,0.184050059286556,138.73801560758082,142.5,59.0,202.0,143.0,0.2497744245962946,163.43729096989966,298.0772017837235,1
108514,2318,0.8448194163527774,103.8964480726962,87.77373662190185,1454.2926394116353,114.82595525402782,0.2035607758605827,89.83583782251205,91.0,4.0,176.0,172.0,0.2564771306513188,159.01233342784235,158.42784235894527,-1
108514,2319,0.8956269574198481,109.23415786467066,97.83305645465435,1800.6500705119752,124.77579893553076,0.1758309836478662,100.30288402029954,103.0,9.0,180.0,171.0,0.2389772239388544,163.81767545488302,163.8101250154722,-1
108514,2320,0.8702172159151903,110.3108023801934,95.99435933266264,1603.6307345282437,123.69316876852982,0.1971794243542521,100.78691379524815,104.0,15.0,170.0,155.0,0.2528054667443222,163.07451175519344,167.57967408881703,1
108514,2321,0.6930031858932264,121.26919874513275,84.03994108109586,1486.4175310926546,128.51459061133875,0.2100985015138432,100.95637242431953,106.0,7.0,193.0,186.0,0.2244635764443648,162.05711015008904,173.6132027473925,1
108514,2323,0.7033710741760385,120.83071610114908,84.98883057752518,1657.790114094688,128.01562404644207,0.1883615498843298,101.576472087688,106.0,18.0,192.0,174.0,0.2513298794295932,171.03173591639052,173.51924547540148,-1
108514,2324,0.6547754363766625,107.24274887241158,70.21991769116612,1233.5992052357049,112.44554237496476,0.2151099697706888,97.30881834215168,100.0,30.0,163.0,133.0,0.2817191256932585,173.5899470899471,172.75696649029982,-1
108514,2582,0.5444105769446526,122.01648664563464,66.42706589150944,1370.996174855366,128.8875478857442,0.1990273984597978,106.1289732068564,107.0,20.0,180.0,160.0,0.2437883364668424,311.70594108836747,192.50690630720587,1
108514,2583,0.7074883854991473,137.73907813201288,97.44879800775868,1805.353605955692,153.05227865013967,0.1986296792621394,110.8363319791062,113.0,19.0,179.0,160.0,0.239758851533958,319.7658154381892,188.98142774231,1
108514,2584,0.8408670698478744,133.85567094357927,112.55482580884876,1592.819551346202,151.48927354766738,0.2388249821540384,106.13769303770168,106.0,10.0,201.0,191.0,0.2234638983457106,319.4848589422828,185.45587093434565,-1
108514,2585,0.9038974060063456,123.06743205652108,111.24033259975155,1465.3393206058695,141.0319112825179,0.246470760561164,119.5837636259323,126.0,16.0,221.0,205.0,0.2183228812672577,320.106903805699,183.4971313826736,-1
108514,2586,0.807029883848291,103.95269096920237,83.89292811859265,1144.4621202458673,111.07204868912793,0.2530538084861526,113.03820425152372,114.0,48.0,203.0,155.0,0.2403420812127428,322.7896536346068,178.4006243496358,1
108945,169,0.7748131421390443,85.79279275976228,66.47338333107525,1272.0256121068944,95.85405573057407,0.1804775925728527,102.9189125849543,114.0,24.0,150.0,126.0,0.2477412754858781,230.35528474337943,218.78462620107803,1
108945,180,0.9255129184168772,87.0435216177813,80.55990372175529,1401.790114094694,100.57832768544128,0.1805955426831015,106.00327995369476,117.0,32.0,156.0,124.0,0.2595445066722345,228.19274551418096,217.69554312174407,-1
108945,191,0.6278588111265855,158.91257748550333,99.77466197310952,2161.894803240135,178.70926109186397,0.1739343009919495,77.62451669595782,59.0,34.0,173.0,139.0,0.2589255345764313,207.15219683655536,229.636467486819,-1
108945,202,0.8856366624249385,74.19267465015355,65.70775275354134,917.2245301926436,85.98255637046388,0.2340690187706444,137.78651987110635,153.0,48.0,188.0,140.0,0.2988185324443532,224.6377551020408,225.6186895810956,1
108945,2329,0.8868350069270912,86.1023196299249,76.35855122544308,1251.782971419777,101.82828683622247,0.198807733008076,115.89828137490008,125.0,39.0,175.0,136.0,0.2634068604429007,226.6474820143885,160.25279776179056,1
108945,2330,0.9075669215386956,86.62958477480711,78.62214556824713,1166.486506863504,96.51942809610924,0.2183087302573063,124.1166347992352,133.0,45.0,182.0,137.0,0.330795637756874,226.0963671128107,158.92715105162523,-1
108945,2331,0.8795697321429788,82.6796916313909,72.72255422188658,981.6925676241796,95.67131231461184,0.2430940782710052,109.0948539031836,118.0,40.0,169.0,129.0,0.2770431406455377,229.2464020933276,157.61709550806805,-1
108945,2332,0.694215538455701,76.17991915099036,52.88528359291654,927.2661607529864,84.38601779915912,0.2060681920368038,112.3029689608637,114.0,38.0,175.0,137.0,0.2118446549780451,232.2236842105264,154.42543859649123,1
108945,2592,0.7638835756671666,79.1783618424741,60.48305015969786,934.2367235014636,90.60353193998566,0.225266574320826,132.71743991056456,145.0,55.0,188.0,133.0,0.265859683470285,211.5883174958077,165.99860257126886,1
108945,2593,0.919129382998206,85.1746120708267,78.2864886397705,1057.1412690719546,100.41912168506552,0.237741362950793,95.94071301949973,101.0,35.0,152.0,117.0,0.3484229414194926,212.26078392751623,168.55899153043137,-1
108945,2594,0.8565794444026438,97.76996258279408,83.74774022843702,1377.4642122868916,114.28035701729324,0.2007414493422068,116.49959448499594,125.0,45.0,184.0,139.0,0.2862411291537333,211.0595296025953,167.77826439578266,-1
108945,2595,0.7596915937822108,92.55652072375597,70.31441074356638,1098.0184694319782,100.88111815399353,0.2259344774551706,104.90258168616376,108.0,45.0,169.0,124.0,0.2741900052412837,211.7010891488504,170.114360629286,1
109968,225,0.8942281879940462,91.69847161171168,81.9993581111644,1292.3687578574038,109.65856099730654,0.2037831870896077,109.86352268667382,117.0,24.0,215.0,191.0,0.2264626868091127,203.8747767059664,313.74562343694174,1
109968,236,0.9168742914102116,93.82410528975252,86.02491005473892,1384.2926394116394,106.51291001564084,0.1983510716325522,94.9425892416516,103.0,3.0,174.0,171.0,0.3027391903408326,206.35729560783025,311.3525250863629,-1
109968,247,0.9449736974413592,87.3005276332792,82.49670238620139,994.8641404994332,97.082439194738,0.2627971465758391,105.32161719176835,112.0,18.0,178.0,160.0,0.4192831096171974,206.5909670369696,310.2564195957021,-1
109968,258,0.8408910172989229,75.57965659862623,63.55425432432206,857.283404695689,85.98255637046388,0.2466513445031833,97.13407202216068,101.0,31.0,132.0,101.0,0.4094653969813,211.9972299168975,311.9950138504155,1
109968,2335,0.7996043889934528,88.61620264583105,70.85790457153972,1185.4570696119788,99.29753269845128,0.2023726599654048,90.60042964554243,98.0,1.0,166.0,165.0,0.2677715771706387,207.92610096670248,325.6590762620838,1
109968,2336,0.9207029011707047,88.8669389143455,81.8200484765977,1168.9474016201036,100.60318086422517,0.2252890891261291,111.30186313149407,119.0,25.0,170.0,145.0,0.3067028675500319,211.03529201003224,326.55481906126835,-1
109968,2337,0.9016182428252932,95.22800744455928,85.85930873991748,1286.8956697919782,113.07077429645558,0.2161454855709332,110.41905524419536,122.0,23.0,191.0,168.0,0.2578891936607733,213.6738190552442,325.519935948759,-1
109968,2338,0.8780684394294408,90.65088393005308,79.59768018536107,1135.3321779309567,102.9271587094485,0.230684620959418,108.4910342329288,114.0,41.0,179.0,138.0,0.2699568895053222,214.25901104872307,325.85618547364606,1
109968,2600,0.9240466285944726,74.05065913992205,68.42626192344343,1051.8347032479076,85.98255637046388,0.2070693949826337,143.52425665101725,154.0,4.0,236.0,232.0,0.1934560472438759,332.87141366718834,295.8967136150235,1
109968,2601,0.8067725453540859,95.08789281083196,76.71430131535138,1251.1971849821518,105.60303025955268,0.2104125394507068,115.9425965665236,126.0,19.0,188.0,169.0,0.2878854627804691,330.810443490701,293.59960658082974,-1
109968,2602,0.8491423726780262,98.00608714369766,83.22112137408882,1314.1677477306216,114.82595525402782,0.2113245145682794,119.55374959768264,130.0,25.0,187.0,162.0,0.3063934972878605,329.9274219504345,292.7185387833923,-1
109968,2603,0.911658703289824,85.75464380929544,78.17896737626302,1070.905771059771,94.70480452437458,0.2355012917578719,116.7814453125,129.0,10.0,176.0,166.0,0.3721359252929687,331.970703125,294.1662109375,1
110116,269,0.789824616306533,106.61050345562836,84.20359998608798,1550.2165209658704,129.40247292845683,0.1610878669975078,123.96044303797468,134.0,0.0,218.0,218.0,0.3125451431311087,221.2505933544304,226.9576740506329,1
110116,2339,0.6526885651484644,108.09796856623552,70.55430799896006,1450.6357851621487,117.64777940955793,0.1838137591648012,114.06032078103208,124.0,1.0,220.0,219.0,0.1595059415782092,227.8913877266388,318.5800209205021,-1
110116,2340,0.6243402473085057,113.29588841038084,70.73518298917404,1380.469262920777,118.59595271340416,0.1933784230843421,120.98676419366076,133.0,2.0,226.0,224.0,0.2525979840684557,225.7830024381749,319.8855799373041,-1
110116,2341,0.6393483228477347,112.90768656728524,72.18734004341151,1410.493649538413,117.64777940955793,0.1863613773431501,110.44540075309304,121.0,4.0,189.0,185.0,0.2709736115206384,226.1283844360768,321.25623094853864,1
110116,2342,0.7673944575492275,76.70657718605541,58.86420219015095,1066.9301576774108,85.44003745317531,0.1795089011820289,116.51539491298529,122.0,16.0,224.0,208.0,0.2219520652892695,217.4805890227577,330.2663989290496,1
110537,115,0.5240414077552982,59.630776583236646,31.248996106221,689.6194077712593,65.5133574166368,0.1830077328072845,90.9938884644767,85.0,4.0,255.0,251.0,0.148841451991589,255.5599694423224,254.20932009167305,-1
110537,116,0.3626355254206463,66.78408497943516,24.218281746254565,604.1219330882004,68.00735254367721,0.1947478085495267,99.18651488616464,105.0,4.0,232.0,228.0,0.1415604172481375,254.3336252189142,252.04203152364272,-1
110537,117,0.465143976854956,67.97277015678,31.61712462857252,560.4823227814107,67.67569726275453,0.2485632784904899,92.06789340101524,91.0,9.0,215.0,206.0,0.1603043108557293,256.8052030456853,255.92829949238572,3
110537,118,0.7564784484895583,84.46603719846613,63.896736769956966,1076.9474016201143,96.25487000666512,0.2079333242923447,81.71833415475604,81.0,5.0,212.0,207.0,0.1566604102514525,248.981271562346,279.68457368161654,3
110537,119,0.5550785175731855,127.37102262896464,70.70091842266635,1438.8195513462133,136.82470537150812,0.2042248452746262,84.17958303378865,77.0,6.0,214.0,208.0,0.1674776898424244,259.1371675053918,283.6251617541337,-1
110537,120,0.4031123246597657,158.36764374966828,63.8399490228184,1447.8662325404391,156.6780137734711,0.213499836409149,85.51353109549831,82.0,7.0,250.0,243.0,0.1590069613002516,254.28441321883943,293.07650273224044,-1
110537,121,0.387441646920598,173.56132154114653,67.2448842596173,1848.7089450150263,162.97545827516484,0.158348026935757,88.16094110854503,94.0,2.0,216.0,214.0,0.1565842279413725,260.7593822170901,298.0103926096997,3
110537,254,0.7253784482164849,40.56075373910213,29.42189660576089,475.6122650963217,46.14108798023731,0.2121917018076082,94.78571428571428,102.0,3.0,174.0,171.0,0.1926020408163265,228.4595238095238,271.22738095238094,3
110537,255,0.6168457300242121,47.463270974567166,29.27751603364388,543.1686142824259,53.225933528685054,0.2003599636079334,91.56656346749226,100.0,0.0,158.0,158.0,0.1993171175373631,229.3240454076368,272.81320949432404,-1
110537,256,0.7489225237190958,42.59700792260397,31.901858676278884,538.0975464705604,49.8196748283246,0.1984026934579412,93.5273311897106,107.0,1.0,195.0,194.0,0.2204082992432988,225.7266881028939,271.61307609860665,-1
110537,257,0.722341199625889,35.65035933375499,25.75172332823859,320.7178207935925,39.408120990476064,0.2761049130046875,83.1046875,91.0,1.0,150.0,149.0,0.233115234375,223.40625,274.275,3
110537,3037,0.9027685940854306,34.270609427368065,30.938429891195973,439.6122650963216,44.553338819890925,0.2140304822744165,52.73424657534247,58.0,2.0,100.0,98.0,0.2596809908050291,262.5876712328767,216.1219178082192,3
110537,3038,0.6730180982152065,63.21595345622279,42.54548077196807,549.9970414071722,74.94664769020693,0.2869796996321562,105.92449080973672,106.0,8.0,229.0,221.0,0.1980240705656649,255.7396920019871,227.1023348236463,-1
110808,2604,0.8816912654117629,62.00444887583552,54.66878099049438,843.8864350760188,70.68238818828917,0.2105800237670201,116.73643108160874,127.0,7.0,177.0,170.0,0.2204903974418182,253.07770402186645,183.03475204998048,-1
110808,2605,0.7828287053229391,39.65310409637083,31.04158814179771,460.78383797157534,46.14108798023731,0.2218394710354802,138.90116279069767,156.0,29.0,187.0,158.0,0.2383288263926446,286.2418604651163,216.593023255814,1
112074,146,0.8869298702355595,63.82841149459133,56.61132472423978,905.4255403194204,74.94664769020693,0.2014893889043216,91.15612282648908,94.0,2.0,169.0,167.0,0.1985838346535118,257.99704032556417,247.31039585645576,3
112074,148,0.8840976557039507,79.3567220048603,70.15909188884712,1229.05504935842,92.78469701410896,0.1832239630377439,100.09292143030892,107.0,4.0,172.0,168.0,0.2754175497613329,256.675747993189,249.9569447822914,-1
112074,149,0.8385018513634331,84.77209870667346,71.08156170950939,1192.8296526140105,94.26027795418386,0.1983582917284727,102.0986972841687,110.0,2.0,163.0,161.0,0.2919811537150664,255.97306248620004,250.92294104658865,-1
112074,150,0.967784051778489,67.6663469077796,65.48641137945977,917.7686860699278,79.40403012442127,0.2218853691386135,97.27126230975828,105.0,4.0,160.0,156.0,0.3815693565374776,257.02984183825725,249.21217547000896,3
112074,151,0.7654551378978012,70.81268254385385,54.20393168151888,847.5676759431512,80.89499366462674,0.2223984997833487,84.21282495667245,91.0,13.0,147.0,134.0,0.2601946961664499,256.3455805892548,250.9414211438475,3
112074,276,0.8491180355772652,55.49531324401626,47.12207136550408,730.1463197058407,63.52952069707436,0.2120168501294832,99.67521806054388,107.0,1.0,138.0,137.0,0.432412617171427,219.47101077475628,241.6567470497691,-1
112074,277,0.8841166702227502,66.7476321703944,59.01269429974201,655.9036790187213,74.43117626371358,0.2955045307535721,95.63255199735886,102.0,0.0,133.0,133.0,0.4050366649405695,219.30141961043248,239.77121162099704,-1
112074,278,0.8563602120586831,74.65095526363,63.92810787994544,1065.1240251292509,85.98255637046388,0.1985634224888648,96.51175006911804,104.0,0.0,161.0,161.0,0.3592797321712685,218.534144318496,239.3270666298037,3
112074,279,0.8022860798915535,71.63465988791717,57.471490465841775,727.9453095790642,81.21576201698781,0.2720309219525799,98.68279569892474,103.0,4.0,143.0,139.0,0.4337131600309015,219.18342820999368,239.28905755850727,3
112074,281,0.791703360120405,65.51933237784819,51.87187559638805,915.42554031942,73.92563831310488,0.1926112965193211,96.5185917721519,105.0,2.0,138.0,136.0,0.4381565704614644,218.689082278481,238.55854430379748,-1
112074,3059,0.8420225489559678,68.62618523760393,57.78479541889168,843.9453095790642,78.0,0.2268993605519753,115.60586648685096,129.0,2.0,168.0,166.0,0.2922364909750378,255.2060013486177,207.63081591368848,-1
112074,3060,0.829637939415873,77.92625240436912,64.65057547116203,949.9940828143446,85.7962703152066,0.2290700399611166,108.1498822913942,118.0,0.0,153.0,153.0,0.3502209905777694,252.42191995814804,206.04263667277007,3
112074,3061,0.9152763444573122,65.97889336520042,60.38892033063946,863.259018078049,78.49203781276162,0.2222975472844257,94.01007387508396,107.0,3.0,136.0,133.0,0.3702375738626803,256.40161182001344,204.36601746138348,3
112074,3062,0.8955217435131803,53.06492067736311,47.520790284380816,605.8792924010812,61.07372593840988,0.2511779375543706,91.71596369460758,98.0,9.0,150.0,141.0,0.2067931367404105,262.6385477843033,202.8841430859584,-1
112105,2778,0.6359416444092212,164.76335665026312,104.7798799665513,1932.716087689944,176.4652940382329,0.2099009933954838,40.56551671962475,41.0,3.0,92.0,89.0,0.645978304709775,333.00317748524736,258.9767740959298,-1
112105,2779,0.749313810948771,172.834004732595,129.5069067477187,2370.9141392239244,197.06090429103384,0.1909337924922242,64.72195210890969,64.0,1.0,209.0,208.0,0.5028932371419345,312.05409019083504,235.09280418135407,2
112105,2780,0.7367000815121523,186.2378290038368,137.2014238077728,2174.1374439272663,196.3288058334793,0.2269310679060719,71.92437836452191,69.0,21.0,178.0,157.0,0.4613564995362996,312.40164060497307,248.1593437580108,2
112105,2781,0.6611337350806786,199.08140492540176,131.6194328234399,2347.735423673736,202.0717694285869,0.2145397673185071,66.11900777635594,64.0,5.0,197.0,192.0,0.5083826379000896,316.70528595334184,254.733487547987,-1
112105,2782,0.6424570130023468,189.7365121059722,121.89755282508652,1992.3830432072168,199.8499437077729,0.2382873272679503,62.52640044370494,60.0,20.0,157.0,137.0,0.5430109059006544,315.997892401553,253.003993344426,-1
112105,2783,0.6301735905029154,177.6958225759462,111.97921453005306,2268.0613254815144,185.0837648201484,0.1927812128695611,46.48312703583062,46.0,12.0,90.0,78.0,0.5534950779318614,322.1011074918567,249.1142019543974,2
112105,2784,0.6643993764538682,150.02083032191908,99.6737461209746,1964.47344700282,157.2800050864699,0.1891206845174365,49.58153153153153,50.0,15.0,91.0,76.0,0.5018768281795309,326.0006306306306,245.30243243243245,2
112105,2823,0.7260055820881106,101.87745847944504,73.96360354502681,1221.8418459228303,108.78419002777932,0.2169375261028096,61.45140236373258,60.0,11.0,189.0,178.0,0.4790555512286698,324.14905627094726,249.14217675074968,-1
112105,2824,0.6589024829227289,120.23237047836052,79.22140743587715,1492.9200564096016,132.60844618650805,0.2018237527058563,63.14012041598249,61.0,34.0,166.0,132.0,0.6104719048847355,317.11986863711,248.046113847838,-1
112105,2825,0.4725715661547636,126.8999723540807,59.96931868036412,1483.3464632807927,135.07035203922436,0.1715756305113735,78.48233721596334,75.0,24.0,144.0,120.0,0.3674173013372739,309.50525109795683,247.81859843421807,2
112105,2826,0.7993362175710091,146.91738169935297,117.436384182997,1851.561758757401,157.17824276915684,0.2199983822880761,65.92219885851607,65.0,19.0,230.0,211.0,0.5243777183694165,325.5922198858516,256.9323370381496,2
112105,2827,0.7945368597738176,158.50673064674945,125.93944002108265,2013.8043994445056,171.95638982020995,0.2183096200218282,65.73008592286324,66.0,3.0,227.0,224.0,0.5752253612311224,327.22882615156016,258.52690742296016,-1
112105,2828,0.848438791627182,166.1701710116675,140.98521909762138,2312.5810947411733,178.71765441612084,0.2045546881862577,70.84296230202989,71.0,0.0,240.0,240.0,0.4629347458256683,323.02693508811063,259.50853223287976,-1
112105,2829,0.8373104702417076,161.3921985289911,135.13537764365256,2365.2572849744192,180.60177186284747,0.1919295507765842,70.8158085569253,70.0,5.0,143.0,138.0,0.4999680173889581,317.1266014019821,260.6046047860769,2
112105,2830,0.7564430972927233,177.68630532372646,134.40957914558015,2160.581094741148,193.9123513343077,0.2178669264270173,75.4441125077504,74.0,18.0,192.0,174.0,0.4280648031147664,315.75283242207314,257.1091257539034,2
112105,2831,0.764823490346858,163.0477768909362,124.7027698150216,2312.144586602212,181.2070638799713,0.1873949895213604,70.18224020160488,69.0,15.0,159.0,144.0,0.4760176987885026,313.33543338417667,253.67829431659925,-1
112105,2833,0.7609616956221972,136.21730068115212,103.6561480994082,1832.5911960089263,147.63468427168462,0.2003729984497856,67.92579603137979,66.0,3.0,196.0,193.0,0.4923792449097498,314.0356252884172,264.4359021688971,-1
112105,2834,0.6440820965178342,121.85077088771187,78.48189997567175,1377.1799410394328,128.01562404644207,0.2118149867610929,87.63510156364168,85.0,23.0,189.0,166.0,0.3633157051233797,311.0501242145258,257.1006868332603,2
112105,2909,0.6667374577158571,164.48353615798496,109.66733473408917,2045.9709216858664,179.42407865166817,0.2032388838931935,82.78354229716098,80.0,39.0,180.0,141.0,0.4011717637990051,249.091944084162,247.1452658884565,2
112105,2911,0.7113216873832504,181.3000123078838,128.96263067744798,2407.240041031718,195.72429588582,0.1963316597519202,74.06587762393926,70.0,27.0,213.0,186.0,0.4083972464458767,243.8597029924073,247.0563309513176,-1
112105,2912,0.812365165402864,188.02362629239056,152.74384427266415,2550.9801564019244,202.38824076511955,0.2043364213985528,74.98888429562261,73.0,17.0,213.0,196.0,0.3816009222281155,244.1850626980846,244.709705571632,-1
112105,2913,0.8346668289477122,186.96721029298823,156.05532853244853,2675.7913395839687,205.44829033116824,0.1972873278854189,77.32741935483871,75.0,10.0,198.0,188.0,0.3697194601816524,248.6636200716846,245.5131720430108,2
112105,2914,0.6178474048799077,183.2617202956224,113.22777829847784,2036.7404743075745,192.04426573058612,0.2189515168892171,44.49746033736753,43.0,11.0,126.0,115.0,0.6679481672863898,250.18348278673105,250.9029911582116,2
112105,2915,0.5999492712822846,184.029858510412,110.4085795075036,2288.8653659886268,201.8142710513803,0.1877007536003208,36.95099230457675,36.0,1.0,92.0,91.0,0.8326511512203645,259.6535034426893,255.4297961387876,-1
112847,10,0.6459789505958289,64.53661051742716,41.68929193705934,856.0285706997497,73.54590403278758,0.1791239121565895,103.5385015608741,118.0,3.0,181.0,178.0,0.2703132901146806,244.7200832466181,208.7320499479709,-1
112847,11,0.8180429687717231,51.380473203643085,42.03143483640416,500.15642097360586,61.220911460055866,0.2814142408421563,116.06862133499688,122.0,3.0,194.0,191.0,0.3580136121876908,248.9313786650031,210.6356830941984,3
112847,12,0.652973412319032,68.01328519313506,44.410866915588905,521.2691193458141,74.43117626371358,0.322935811088867,115.8845985081176,121.0,9.0,198.0,189.0,0.3165786168656299,248.90785432207107,212.0522158841597,3
112847,13,0.6633643539763849,61.08423477707579,40.52110394103671,702.6316010800792,68.00735254367721,0.2137814204215392,114.24372955288986,126.0,12.0,168.0,156.0,0.2620619368311394,247.53762268266084,211.8418756815704,-1
112847,163,0.7822448714987119,59.915198396325806,46.86835667035371,721.5016587651681,67.67569726275453,0.221804160381486,122.74340527577938,142.0,3.0,179.0,176.0,0.2590312210663124,247.05563549160672,285.1251798561151,-1
112847,164,0.9148883634461829,62.22648247075518,56.93028471068178,910.1118318204354,71.84010022264724,0.1959355960641778,129.89879798371462,146.0,2.0,194.0,192.0,0.2530912652240386,246.7824738270648,286.5021326095386,3
112847,165,0.8255112506225973,65.60339868259344,54.156343691560565,858.2955980045092,74.94664769020693,0.2069211615323273,125.5015612802498,141.0,4.0,198.0,194.0,0.2459811659143636,249.2271662763466,285.6619828259173,3
112847,166,0.6109074086899485,66.01651621888624,40.32997885401775,607.920922961424,70.68238818828917,0.2590457112473867,134.37208147044214,148.0,11.0,215.0,204.0,0.2224924478717447,247.2101341281669,282.61549925484354,-1
112847,293,0.8911105497873226,46.07508968396921,41.057998499782,569.9797974644694,56.60388679233962,0.2271555666841282,117.7280701754386,133.0,8.0,169.0,161.0,0.328573321705824,188.9780701754386,292.280701754386,-1
112847,294,0.9031983989375494,48.29279479792367,43.61797494170428,666.6316010800792,56.302753041036986,0.2046773864426105,116.84872298624754,128.0,7.0,176.0,169.0,0.3760424131620784,190.90307793058284,294.91748526522593,3
112847,295,0.8649414694351019,57.07144192649951,49.36345684268656,807.2762620207517,67.42403132415029,0.1981640898708729,102.02307692307691,114.0,2.0,175.0,173.0,0.3269591346153846,191.44615384615383,299.0576923076923,3
112847,296,0.800173912876986,55.48131505620904,44.39470096008762,756.7737367038104,66.48308055437865,0.1933915004865316,104.81074899942824,120.0,2.0,179.0,177.0,0.2582408439879555,192.8450543167524,297.0017152658662,-1
112847,297,0.724074794457178,50.354497043745766,36.4604220969448,590.8082245892157,61.84658438426491,0.2133623648915186,105.57801691006918,112.0,6.0,173.0,167.0,0.2705865115287064,194.70023059185243,297.01614142966946,-1
113274,15,0.795213058465813,51.47267114376787,40.93174024764065,606.2640687119315,63.52952069707436,0.2221526490503895,75.42692828146143,83.0,1.0,159.0,158.0,0.3390686313106437,266.4167794316644,219.4695534506089,3
113274,16,0.6649197026241755,58.02031171127122,38.578848409220434,678.7321061434675,67.11929677819934,0.2089135121043898,94.11266747868451,100.0,0.0,179.0,179.0,0.2409705047615798,261.2771010962241,220.14799025578563,3
113274,17,0.6377229290406083,61.54038477904439,39.24571443557826,813.3940110268427,68.00735254367721,0.1800878104249642,89.72502870264064,93.0,2.0,153.0,151.0,0.2046462028812047,262.52296211251434,220.53788748564867,-1
113274,167,0.5034446655791887,75.27209999490618,37.8953372093788,949.1240251292554,83.24061508662703,0.1639330321846018,92.40261701056868,96.0,6.0,185.0,179.0,0.1783208874797406,265.22747861097133,344.6472068444892,-1
113274,168,0.6860348677604434,61.3510515124499,42.08896051130772,805.7859300126304,68.00735254367721,0.1881961770421135,86.8468085106383,83.0,0.0,191.0,191.0,0.1754798551380715,265.3037234042553,344.15,3
113274,170,0.6862925308249809,50.81662382621912,34.875069373676936,503.7960312803955,56.60388679233962,0.2491221590981338,100.91582229150428,93.0,5.0,213.0,208.0,0.1637851902296898,264.385814497272,343.6383476227592,3
113274,298,0.697555772671845,33.07914217667385,23.074546580371543,387.0437226013973,37.44329045369811,0.1989829674411014,97.59475806451611,101.0,5.0,203.0,198.0,0.1578190036420395,216.87701612903223,330.33870967741933,-1
113274,299,0.9822083666219226,31.78631712516345,31.22078662443323,421.4284989122477,39.408120990476064,0.214867776057517,84.2330383480826,84.5,3.0,142.0,139.0,0.1987278217210083,214.80088495575225,329.8274336283186,-1
113274,300,0.9193134488459582,33.608791900266944,30.89701439338051,323.4457428549505,39.408120990476064,0.2957121591330334,75.13119143239625,70.0,0.0,160.0,160.0,0.2234928110478504,214.77777777777777,333.0388219544846,3
113274,301,0.7887894829823844,40.50038235706699,31.94627566001975,477.8965363437837,45.65084884205331,0.2208566188152176,72.47878128400436,75.0,0.0,187.0,187.0,0.2366401005966413,212.0544069640914,333.5973884657236,3
113435,602,0.5543762327634763,154.46012484206315,85.6290221221192,1839.603389317744,154.1460346554526,0.1901145025696629,90.6101849969506,95.0,46.0,143.0,97.0,0.430990358505905,238.28084976621264,341.8867656027648,-1
113435,613,0.6371129349719393,164.91205479436954,105.06760324229406,2115.9881656285875,175.04570831642803,0.1927464917353624,88.90224719101124,91.0,39.0,138.0,99.0,0.4861411662388307,236.7949063670412,334.43423220973784,-1
113435,624,0.6944620226438857,159.16634233466326,110.53498003455935,2071.828786062141,167.7647161950331,0.1989037753382642,106.06359102244387,109.0,48.0,164.0,116.0,0.5019248145890053,237.23712776881325,331.32103564617864,1
113435,635,0.713912769169122,150.8129841134768,107.66731511511104,1555.9150057757054,159.67780058605516,0.2551794756079552,95.40712307083498,97.0,40.0,156.0,116.0,0.442122996450366,238.4819153146023,329.3710328452711,1
113435,646,0.6273988115240441,148.9457288540413,93.44837326460804,1915.4023791909588,157.63248396190426,0.1900546489876843,112.34735260983852,115.0,36.0,154.0,118.0,0.5011855979967197,240.8374014269621,327.4532482162974,-1
113435,657,0.4790001810938731,141.4661037040295,67.76228929287478,1674.6601717797623,146.37281168304446,0.1782635716896991,128.99679263701017,133.0,28.0,190.0,162.0,0.4186586178027947,234.96151164412217,326.1907683726119,-1
113435,2380,0.8650401053391367,79.60093974303241,68.85800530040703,984.6143571373768,88.56635930193812,0.2313595884591629,104.85662910573004,108.0,60.0,186.0,126.0,0.4691647945786346,245.56748981059692,162.10596979141692,1
113435,2381,0.7592828944387233,109.53178677371449,83.165612094591,1262.469262920795,124.32618388738553,0.2332852747296508,104.32592486377976,109.0,49.0,146.0,97.0,0.5555361554724669,244.3316604531116,165.20504731861195,1
113435,2382,0.8234146129992129,118.0511828446642,97.2050690361385,1645.429724401468,131.54847015454038,0.2000690764800052,95.0384571231776,98.0,36.0,163.0,127.0,0.4000001133345758,245.2002066352887,165.22764320973482,-1
113435,2383,0.907192576317066,120.3388198026716,109.1704839677408,1576.6429278370638,135.5322839769182,0.225063695538039,93.19224299990104,95.0,7.0,136.0,129.0,0.4158067596280499,241.6248144850104,163.67349361828437,-1
113435,2384,0.8998364748370099,121.91099745399356,109.69996219286526,1687.530229464852,133.5215338437961,0.2127314940400654,87.47062234248163,89.0,10.0,177.0,167.0,0.4931954941368554,240.28585233861617,166.71897951294935,1
113435,2385,0.8158970750006008,126.1909815519469,102.95885273968824,1714.9271990845102,138.92443989449805,0.2056831779625319,92.97680231976804,95.0,12.0,192.0,180.0,0.4171519154453917,237.5998400159984,169.22977702229778,1
113435,2386,0.8555323497117531,118.98016679621249,101.79138166825996,1708.9688296448526,135.5322839769182,0.1986781733049094,95.46145552560648,97.0,1.0,161.0,160.0,0.4147717031989015,235.43935309973045,172.13477088948787,-1
113435,2387,0.7734102788474382,115.34020971856305,89.20530376075585,1504.7606768431622,135.5322839769182,0.206579179982108,97.11326819233736,100.0,12.0,143.0,131.0,0.3934704242259866,236.491257392646,176.4174595011571,-1
113435,2650,0.7754156408058966,122.13748641593403,94.707317295633,1598.4002871499365,131.59027319676784,0.2066173260770431,99.18666666666668,103.0,41.0,129.0,88.0,0.4485606577868685,328.3808547008547,179.6279202279202,1
113435,2651,0.7034922517078341,158.01941962120884,111.1654373228893,1958.4906909455308,167.3439571660716,0.2103403900851121,89.30829662261381,92.0,16.0,124.0,108.0,0.5151559639555718,322.37834067547726,177.26930983847282,1
113435,2652,0.701589456564695,171.55770189454492,120.36307484168172,2144.036938863868,185.5693940282179,0.208096111775569,82.82013397608465,86.0,0.0,124.0,124.0,0.6935962050371823,320.6755149314468,177.22437863895323,-1
113435,2653,0.6790156385094581,176.6556154977066,119.95192555345658,2229.735423673702,193.0414463269481,0.2019119629444304,77.85484069381228,81.0,6.0,108.0,102.0,0.6156466536091865,315.75519744125967,178.45356132365603,-1
113435,2654,0.6309908133267315,169.6383445846152,107.04023702084666,2321.9852070357747,186.80738743422327,0.1794699114463344,76.80385276425093,80.0,34.0,111.0,77.0,0.5317118799817611,312.78530507018047,185.3794757949012,1
113435,2656,0.6447906407299296,115.35924277836784,74.3825600651833,1331.925107043498,123.69316876852982,0.2137162970967399,77.98052147239264,79.0,42.0,110.0,68.0,0.4877805431141556,299.5164110429448,180.71027607361964,1
114361,23,0.9622179195854657,64.14087939768105,61.71750353441891,924.0285706997496,77.10382610480494,0.2075184396327524,118.52068617558022,130.0,20.0,194.0,174.0,0.1935349528195739,247.8002018163471,215.6054490413724,-1
114361,24,0.8926729739980357,71.49853712493595,63.82481177182554,913.325035256032,81.88406438373708,0.2276288092714682,110.80897912496424,116.0,27.0,170.0,143.0,0.3404127840612432,246.8741778667429,218.0523305690592,-1
114361,26,0.8897789116311108,72.47135139534538,64.48348016898619,833.7686860699276,84.38601779915912,0.252911718011649,110.8116991643454,116.0,33.0,162.0,129.0,0.3026422824155616,247.0423398328691,219.56211699164345,3
114361,177,0.958862871963738,64.75468379102264,62.09086207296368,952.5798692519712,77.79460135510689,0.201126506960776,101.95233299765022,110.0,3.0,169.0,166.0,0.319479615673821,247.70527022490768,287.8647197045989,3
114361,178,0.8554209869461494,89.46268733683159,76.52826029652726,1410.5525240414634,107.41508273980894,0.1755779901955702,108.54450050454086,119.0,0.0,201.0,201.0,0.2325655419461328,250.8526740665994,290.57638748738646,-1
114361,179,0.9364629784430316,82.61961651102399,77.37021215573459,1188.628642487232,97.082439194738,0.2039042710651671,101.08396624472574,108.0,0.0,194.0,194.0,0.2550198508073849,248.6327004219409,287.2962025316456,-1
114361,181,0.7952704494087841,69.11543756873077,54.96546509636928,768.9158723275414,75.28612089887484,0.2463582942026319,105.1013443640124,108.0,21.0,153.0,132.0,0.2762412038972879,249.2271630472251,277.3478110996208,3
114361,309,0.8601761297781606,77.33560532244456,66.52224168031168,977.8103166302706,89.0,0.2253267076115271,95.67467416304626,101.0,0.0,142.0,142.0,0.3312493317961079,218.4134934832609,297.01124456938413,3
114361,310,0.8690803057936801,80.38741447395915,69.86311875299174,1006.9646455628218,89.0,0.2284730032536687,99.5397753860552,107.0,0.0,166.0,166.0,0.307044761843658,218.37248479176407,297.2159569489939,-1
114361,311,0.8875208124402338,77.73660889076571,68.99285827908109,1053.0479066835048,88.56635930193812,0.2138083932275118,95.12741030021968,98.0,0.0,174.0,174.0,0.2665320219483481,218.8223090065902,298.0600439345863,-1
92897,2852,0.910509748681682,86.44793728572056,78.71168965207121,1366.978930912661,103.24727599312246,0.1817028516967372,66.50160192230676,68.0,5.0,103.0,98.0,0.5386053171695502,269.2136563876652,137.5238285943132,2
92897,2853,0.6776042546540477,53.64799664805944,36.352110782391165,460.4406922210678,61.07372593840988,0.2781227338435508,58.70557228915663,58.0,27.0,87.0,60.0,0.7625210934097837,264.0948795180723,148.14156626506025,2
92897,2934,0.5540473796481622,68.34191146555843,37.86465696763933,665.1341263970205,74.43117626371358,0.2317922300665466,37.370466321243526,37.0,27.0,51.0,24.0,0.9815211146607964,245.82538860103628,146.3243523316062,-1
92897,2935,0.4900412109094007,140.0429730699542,68.62682810255295,1660.3241687041843,147.09180806557515,0.1682375255640272,33.44062153163152,33.0,24.0,43.0,19.0,0.9984157170920218,244.4203266212145,160.53749801807515,-1
93329,2936,0.9340160363430025,92.05182541980838,85.97788111674745,1297.1971849821475,104.35037134576952,0.210288150450487,54.5005,54.0,7.0,96.0,89.0,0.5084642777777778,213.67566666666667,167.6113333333333,2
93329,2937,0.8179185222266182,111.30758408873092,91.04053469046984,1547.121066536368,125.09996003196804,0.2009099481515469,52.08740988671472,52.0,3.0,92.0,89.0,0.4727510722910862,219.29312564366631,166.58522142121524,2
93329,2938,0.8260412953627148,121.92009354990782,100.71103200670922,1575.0205614729753,135.5322839769182,0.2173999931785039,46.20125451839252,46.0,1.0,94.0,93.0,0.5306746807573796,211.1491601105677,166.96491601105677,-1
93329,2939,0.8223124366238828,126.65575709228264,104.15060422699756,1754.7089450150297,136.35615130972272,0.2010758734704183,51.14977533699451,51.0,0.0,157.0,157.0,0.4430416880919259,211.328607089366,166.32191712431353,-1
93329,2940,0.6615496933262924,136.29359328004065,90.16498483674934,1625.4541110191035,143.8923208513922,0.2069129448148387,47.48935002195872,46.0,0.0,151.0,151.0,0.4949768830733487,205.9107378129117,162.1588713219148,2
96587,2960,0.6474979083913215,93.83367058136584,60.75710543811467,1185.6997102990983,101.21264743103995,0.1923669188004102,121.68709907341412,120.0,57.0,223.0,166.0,0.2211721355786435,304.1981468282252,219.2516037063436,2
96587,2961,0.6252530850869472,132.48307910392046,82.83545393154434,1733.4368670763863,135.07035203922436,0.1832088635251222,101.37707539048088,102.0,36.0,240.0,204.0,0.2652777863699483,291.4892387160251,214.14032714303283,-1
96587,2962,0.5483411930033018,186.24538859944727,102.12601857598446,1988.4246737675603,189.4096090487492,0.210121435969519,82.80002859798384,80.0,21.0,189.0,168.0,0.2496851847472028,315.5013941517123,198.3197969543147,-1
96587,2963,0.5429619356868924,191.6167337722921,104.04059267900364,2368.629867976462,194.32961688841976,0.1819931782864181,86.99537595496582,86.0,31.0,161.0,130.0,0.379558972259107,314.0776705535451,198.7513738104812,2
97737,891,0.8792761008692965,80.58333982843914,70.85500483937545,1123.8590898655405,90.0,0.2059809841628888,131.49145496535797,144.0,45.0,196.0,151.0,0.2731877603486071,238.4565819861432,328.27367205542726,1
97737,902,0.9588081566591428,85.09215347951077,81.58705082384658,1197.1555544218122,96.51942809610924,0.2141845867950021,133.22274524571642,140.0,25.0,197.0,172.0,0.329047286283294,237.5187347015628,330.0515910374694,-1
97737,913,0.9398771296432712,84.24968309309955,79.18435031889764,981.9940828143444,95.4148835350125,0.2569635439544037,137.85850897736142,145.0,17.0,213.0,196.0,0.2888522335387617,236.9449648711944,327.108118657299,-1
97737,924,0.8269419672510046,74.12377298401499,61.296058651468215,940.2955980045092,85.98255637046388,0.219292419606961,143.85955219540566,156.0,3.0,201.0,198.0,0.2945610199141418,235.644082582146,321.7406222739168,1
97737,2409,0.9494804972336748,74.60331590587367,70.83439348158986,1039.0479066835053,85.14693182963201,0.2153556527738334,109.7310259579728,120.0,34.0,159.0,125.0,0.2817778972957198,226.5925834363412,112.53572311495674,1
97737,2410,0.9393657030623156,85.53426727576336,80.34795711541746,1174.5870119268932,97.082439194738,0.2179031960316934,107.33907284768212,115.0,13.0,146.0,133.0,0.3527183286805359,227.2421948912015,112.05070955534532,-1
97737,2412,0.9670524917134644,86.60716286507355,83.7536726489032,1252.084486609942,97.082439194738,0.2103777643452994,113.08303507516106,118.0,2.0,164.0,162.0,0.3111886781624803,227.35719398711524,113.23675733715103,-1
97737,2413,0.9583605583936416,79.9251489549337,76.59711038214525,872.0113267570472,89.81091247727082,0.2772847574815046,108.56004250797024,113.0,2.0,155.0,153.0,0.3669534185374954,227.4221041445271,115.98150903294368,1
97737,2414,0.9252114147486448,72.98276475766495,67.52448703370673,957.7859300126306,85.44003745317531,0.2249189942881345,120.76363636363637,134.0,24.0,161.0,137.0,0.3563403300065773,227.59973262032085,118.84411764705882,1
97737,2415,0.7876254356265998,58.06885681242629,45.73650864322591,633.2346314604088,67.67569726275453,0.2462207448261777,109.27732793522269,121.5,11.0,152.0,141.0,0.2944329934927634,225.1032388663968,119.6255060728745,-1
97737,2697,0.8686918899368791,74.76844246196337,64.95073958991976,874.1534623807781,85.44003745317531,0.2455517844817723,111.66111260413868,121.0,22.0,155.0,133.0,0.2970358391375431,307.0510615425961,102.2579951625907,-1
97737,2698,0.8464627512035439,86.5848143931375,73.29082020366337,1165.8174593051983,97.082439194738,0.2105674921045644,102.76338550247117,108.0,8.0,148.0,140.0,0.37032703304935,307.9775535420099,101.95799011532124,1
97737,2700,0.8163850366049826,91.32761799597785,74.55850076069223,1226.528137423841,103.24727599312246,0.207047857182994,106.26256015399424,109.0,10.0,158.0,148.0,0.3725703900155717,308.9077959576516,100.74090471607316,1
97737,2701,0.8796715622936147,85.84313222919171,75.51376224023042,1274.3860018001135,99.76472322419384,0.1937401255832684,106.7986577181208,112.0,12.0,157.0,145.0,0.3635003246282018,308.65731136872074,101.8261134838316,-1
97737,2702,0.9605073923438424,70.39347321347337,67.61345139429943,1069.6925676241756,81.41252974819048,0.1975208732815484,106.85805201992252,110.0,15.0,151.0,136.0,0.3462827796593766,307.97066961815165,100.40896513558384,-1
97890,459,0.4941511244634308,67.90546241307996,33.55556060863269,668.1046891454978,71.11258679024411,0.2042950119832622,107.96068152031457,112.0,3.0,181.0,178.0,0.2175820079736297,255.5294888597641,230.5996068152032,3
97890,460,0.5659138089888511,58.57659051309874,33.149301454847915,598.9087296526038,63.13477647065839,0.2180390155254608,115.50502873563218,122.0,3.0,192.0,189.0,0.2152870673140441,252.06896551724137,224.3706896551724,3
97890,461,0.6847698220392939,47.61047454348102,32.602216180345835,600.2813126546342,52.80151512977634,0.1929904126850831,142.87067395264117,153.0,11.0,241.0,230.0,0.1316418989983444,253.46812386156648,224.20765027322403,-1
97890,462,0.7369606688342873,32.16299116188464,23.70285947837377,306.8599564173236,34.92849839314596,0.2575389420742856,98.7126213592233,98.0,34.0,210.0,176.0,0.189669148835894,247.6135922330097,225.1747572815534,-1
97890,664,0.5739179479746793,55.01065740692697,31.57160361572162,577.8376618407383,60.53924347066124,0.2145858468146194,113.79809220985692,121.0,8.0,198.0,190.0,0.1605672819551057,250.71383147853737,305.2710651828299,3
97890,665,0.6912281673825045,56.99907038758862,39.399362966519256,616.2813126546342,60.166435825965294,0.2336511404698526,121.686496133254,142.0,2.0,197.0,195.0,0.1849898133635505,251.3378941106484,307.1023200475907,3
97890,666,0.5482270164464436,58.18784011522858,31.90014597983445,600.1980515339487,60.166435825965294,0.2134430112366059,115.72393098274569,113.0,7.0,197.0,190.0,0.1756547538985271,251.70667666916728,309.1740435108777,-1
97890,667,0.640166880577676,56.67134709232006,36.27911948622528,744.4894654563482,65.30696746902278,0.1806872970473718,80.88573360378635,78.0,32.0,182.0,150.0,0.279248217437636,256.5699797160244,307.4868154158215,-1
97890,878,0.7156775124012777,35.18450093904436,25.18075610713569,321.4041122946076,38.8329756778952,0.2705025220789052,109.1340872374798,121.0,13.0,177.0,164.0,0.1736580706282737,207.36672051696289,322.46526655896605,3
97890,880,0.8054203982516904,37.4196486345088,30.1385483056444,476.5239533417534,45.65084884205331,0.2037959476895481,138.79214195183778,159.0,7.0,207.0,200.0,0.189174341106565,205.31178707224333,319.6311787072243,3
97890,881,0.8989165774720068,36.99421447746077,33.2547126643444,447.997041407172,45.65084884205331,0.2292662546757982,130.83811710677384,143.0,6.0,202.0,196.0,0.2410639551513825,206.05740528128587,318.7956371986223,-1
97890,882,0.7477456073788763,32.32353461759521,24.16978102526586,380.5584412271587,38.27531841800928,0.206196653466771,127.05058365758757,132.0,44.0,197.0,153.0,0.1696619176671864,203.98443579766536,312.08365758754866,-1
97890,883,0.8699071776421259,38.36109265726557,33.37058984474997,456.3401871576796,46.14108798023731,0.232005693638803,92.21545157780196,79.0,1.0,196.0,195.0,0.1802155202525335,205.4254624591948,320.1436343852013,3
97890,884,0.6586474797091487,45.50661035666553,29.972814221524,570.0214280248122,50.28916384272063,0.1891916486518365,94.68054110301767,93.0,3.0,175.0,172.0,0.1849302831229609,208.4901144640999,320.16857440166496,3
98874,481,0.5677409783395776,70.59672942129983,40.0806562292232,955.793072687568,75.28612089887484,0.1647003449489705,92.95432220039292,97.0,2.0,166.0,164.0,0.347018885985464,251.98821218074656,214.2475442043222,-1
98874,482,0.6782435373173925,61.89372404742503,41.97901833567211,667.5361466505736,68.00735254367721,0.2323884470330688,106.58431573552024,106.0,9.0,196.0,187.0,0.3745940062542018,255.495130702204,219.75448487954893,-1
98874,483,0.9619637934197094,40.97061650405109,39.41224967098114,517.1686142824259,50.60632371551998,0.2307213191999438,122.16237113402062,131.0,52.0,187.0,135.0,0.2897004640946611,261.0060137457045,209.00257731958763,3
98874,484,0.9306266002059026,47.42515746934509,44.13511305992618,647.335136523797,57.14017850864661,0.2120905805713486,117.01365409622886,122.0,35.0,212.0,177.0,0.2493662923324331,263.4544863459038,205.84590377113133,3
98874,485,0.9612885691456932,38.7455721386704,37.245675601913696,473.75440072005273,46.14108798023731,0.2386815688485427,89.30172413793103,91.0,39.0,121.0,82.0,0.42786181940958,269.2567049808429,200.8793103448276,-1
98874,687,0.9647739767272672,32.43725878964012,31.2946231566126,379.7716446627553,39.408120990476064,0.247403341437591,82.85082872928177,88.0,30.0,109.0,79.0,0.5336032172400109,273.2707182320442,263.5414364640884,-1
98874,688,0.7080673408450898,52.26198149535119,37.0050022647086,542.9259735953066,57.723478758647246,0.2444335775837007,111.46736842105264,121.0,10.0,163.0,153.0,0.2649701446598953,268.0645614035088,264.60280701754385,3
98874,689,0.757005119858192,71.48244274001134,54.11257513415863,925.4844148224656,78.81624198095213,0.2025732312417795,115.83667017913594,123.0,5.0,174.0,169.0,0.2748558400939422,262.9227256761503,278.28380751668425,3
98874,690,0.7344258397892771,72.69813339414125,53.39138766910508,817.7859300126304,83.6301381082203,0.2271928332173964,102.23816355810617,109.0,3.0,141.0,138.0,0.3897215778217365,260.26721664275465,279.0638450502152,-1
98874,692,0.8247566750273785,66.0107089136239,54.442772799800586,847.727055509585,78.00640999302557,0.2078247968267156,113.16997617156473,117.0,10.0,207.0,197.0,0.2298018208533191,258.46942017474186,279.4289118347895,-1
98874,906,0.8663931226165636,43.37957663407969,37.58376685778483,540.9087296526038,50.28916384272063,0.2231118613880324,101.09511784511784,113.0,9.0,173.0,164.0,0.2437095421102155,201.7575757575757,324.1599326599327,3
98874,907,0.8954747431644998,41.76066322752939,37.39561917805106,494.1391770309031,50.60632371551998,0.2394945753002877,96.16317626527052,102.0,1.0,137.0,136.0,0.3309485302851713,194.98865619546248,323.83158813263526,3
98874,908,0.6195051766749367,67.04490297890155,41.53466446509839,760.7737367038103,73.10950690573696,0.2046783050549185,99.90309487569762,103.0,1.0,176.0,175.0,0.2602343313407164,192.51395230847285,310.1714865550482,-1
98874,909,0.6344867121052302,69.44571113891982,44.062380930342805,802.4722215136455,74.94664769020693,0.2056859198271129,107.2393665158371,114.0,3.0,190.0,187.0,0.2072586556376814,190.6140271493213,308.3977375565611,-1
98874,910,0.574677032219923,70.25166160818135,40.37201640150796,854.6559876977194,74.43117626371358,0.1832070691167526,109.5697151424288,113.0,6.0,164.0,158.0,0.2809377420235409,189.1014492753623,306.1944027986007,3
98874,911,0.6483522490394992,64.10494247957968,41.56258363118321,649.2762620207516,72.47068372797375,0.2406953384846455,107.37009063444108,112.0,3.0,192.0,189.0,0.283512786889901,192.07099697885195,306.1978851963746,3
99162,2725,0.7801792430106376,52.1301326641895,40.67084743999148,586.3645737753197,60.166435825965294,0.2370911678934746,110.0667514303878,119.0,23.0,150.0,127.0,0.3009498736829258,171.914812460267,147.78766687857598,-1
99162,2726,0.7173323058258635,86.30572598948207,61.90988543001032,1189.3981951089324,92.97311439335569,0.1872217055863538,110.80889662027832,128.0,6.0,163.0,157.0,0.3210552786659763,156.58971172962228,154.9604870775348,-1
99162,2727,0.796795932360199,62.15864226365182,49.52775331671052,748.9158723275414,70.68238818828917,0.2260656302362569,110.4038626609442,118.5,11.0,160.0,149.0,0.2872692442299545,146.6244635193133,163.55922746781116,1
99815,2737,0.912734826768426,87.82032326338026,80.15666754054857,1231.8418459228233,99.76472322419384,0.2096500548447633,126.09442379182155,128.0,43.0,201.0,158.0,0.1797047442683213,346.47936802973976,190.96617100371748,1
99815,2738,0.9362074070865468,101.20580163445902,94.74962113031228,1313.8246019801163,114.28035701729324,0.2300882691688947,138.47692307692307,148.0,34.0,178.0,144.0,0.3463563799345771,346.9081007488087,192.30483321987748,-1
99815,2739,0.916982227396128,106.12953175169812,97.31889441818022,1248.226622233674,117.64777940955793,0.2524766504194254,141.4428141459744,146.0,32.0,190.0,158.0,0.4007212052161751,348.23839979934786,192.8847504389265,-1
99815,2740,0.8922875870407907,107.86515802414702,96.24674157913972,1323.1210665363935,118.81077392223315,0.2387196937911606,134.899725959143,142.0,39.0,203.0,164.0,0.3398582663716354,349.17314399601395,194.3586198305929,1
99815,2741,0.740065807134685,130.3907395983302,96.49772794372676,1762.951585702145,142.6639407839276,0.1972153867793737,135.06058424192554,143.0,10.0,204.0,194.0,0.2967165455156329,337.09792223822257,206.4338613454022,1
99815,2742,0.8976283987517609,125.10641686992692,112.2990726485228,1691.9810229536754,136.48443134658254,0.2140309008815119,134.5365552601595,142.0,31.0,207.0,176.0,0.2778500340921106,332.4823395366502,210.8202620584884,-1
MR017260F,1540,0.8814303948166049,85.44804208528207,75.31650147153604,1040.2539674441648,96.26006440887105,0.2364509954395572,54.92315594822272,51.0,4.0,149.0,145.0,0.3509077225726831,228.3883295664681,112.51715635915347,-1
MR017260F,1541,0.8068019130995763,115.97161925121657,93.56612427713718,1556.4692629207625,130.0,0.2064152275137004,44.3745476477684,43.0,1.0,145.0,144.0,0.556027885414287,216.1044632086852,122.00639324487334,2
MR017260F,1542,0.7667374660540192,127.63012660914715,97.85879986845111,1574.7850634607923,141.20906486483082,0.2204700238141148,41.292514197212185,40.0,0.0,143.0,143.0,0.6612814444895466,210.5623128549303,126.74734124935468,2
MR017260F,1543,0.83122816390943,142.40185050833594,118.36842873534924,1690.3830432072248,156.43848631331102,0.2349551233407374,41.26823678179088,40.0,0.0,190.0,190.0,0.6317220491554042,213.91654153165257,134.52691061408362,-1
MR017260F,1544,0.7816424792953686,166.32742275478904,130.0085790968622,2136.4633457350506,178.44046626256053,0.2117954755156874,50.454750304506696,47.0,0.0,202.0,202.0,0.4446442352913251,228.27697929354449,145.18684531059682,-1
MR017260F,1545,0.8701614444265293,137.18358749871098,119.3718686494915,2092.0714267492704,149.18780110987626,0.1883202688608056,49.93316772177258,52.0,5.0,170.0,165.0,0.4292147164315945,216.33776744931484,137.37999839730747,2
MR017260F,1547,0.8325789208315718,140.12273648895228,116.6632367299386,1874.6328265692632,154.76756766196203,0.2077592358735152,56.330020533880905,57.0,2.0,146.0,144.0,0.4542403501300761,217.15548254620123,144.94283367556469,2
MR017260F,1548,0.7629203757860047,136.75828668343866,104.33568346837916,1834.24805025842,143.6697602141801,0.2000800292707464,62.22359675036928,60.0,4.0,171.0,167.0,0.5046297937725958,227.4942762186116,152.93445347119646,-1
MR017260F,1549,0.7807702075668114,131.49956662813287,102.67094393119304,1556.375900532303,156.28499608087785,0.2231533600377005,61.25087719298246,60.0,4.0,188.0,184.0,0.5102649204812554,218.3686274509804,151.6815273477812,-1
MR017260F,1550,0.7795837583997123,119.20865720639743,92.93313301874626,1535.6479784709516,128.87590930814028,0.2018375679550418,74.47324198552224,74.0,15.0,233.0,218.0,0.4418270613813231,229.11297828335057,163.02171664943123,2
MR017260F,1696,0.6847740890606921,73.80140507632788,50.53728993254157,896.9402589451815,83.73768566183328,0.1990288524413752,70.38826707834812,71.0,13.0,124.0,111.0,0.3610233207875553,215.224237746044,167.99729834040912,2
MR017260F,1697,0.6678171057548101,114.58441241965312,76.52143066670827,1502.5180361560465,130.0,0.1846754552207964,91.3692084942085,89.0,10.0,196.0,186.0,0.2468042884307363,223.97152509652508,167.96187258687257,-1
MR017260F,1698,0.7714380124737162,113.41238257143966,87.49062300082015,1348.2682527940124,127.5617497528158,0.2220182196037593,79.57904233171409,71.0,13.0,236.0,223.0,0.375075582198922,223.73199167244968,169.05523941707148,-1
MR017260F,1699,0.6941168527685391,154.23104697493852,107.05436892544104,2101.201369064182,171.96511274092776,0.1887652626258684,65.51405050265178,65.0,10.0,164.0,154.0,0.3249691531922241,215.1347265099343,180.38082799018443,2
MR017260F,1700,0.7878777730247695,117.77373562852785,92.79130854781248,1564.542422773676,128.16005617976296,0.2039201293100026,66.58295690391894,63.0,30.0,151.0,121.0,0.3198918966791525,208.4553778537419,183.81443047246972,2
MR017260F,1701,0.8222662496229945,120.44844693926116,99.04069273766054,1797.3363620129887,130.60245020672468,0.1863130113647332,66.50537396121884,68.0,20.0,130.0,110.0,0.3885358399643955,234.49218836565092,185.87301939058173,-1
MR017260F,2279,0.5433037410524177,86.04178545688762,46.74682392555656,1028.7636354360448,89.0,0.1773663747608748,55.90217792543374,53.0,29.0,99.0,70.0,0.4118749677224014,165.6674049464747,199.0391288298265,-1
MR017260F,2281,0.826003730152342,99.3275530665012,82.0449293398347,1314.7707781109525,110.3856874780422,0.2126254116655241,70.24090259017956,66.0,26.0,151.0,125.0,0.3676043762502099,154.7233433974257,201.84887970761164,2
MR017260F,2282,0.7724472733367936,131.1956113837044,101.34169228709608,1756.081528017064,139.48835076808385,0.2033028515357734,67.27660613161491,66.0,5.0,255.0,250.0,0.2841013724458611,153.84817418472954,197.4216949814489,2
MR017260F,2283,0.7642181801499232,143.90779425512457,109.97695263504086,1803.8216433872328,158.14234094637652,0.2154315811972011,55.90236857307914,56.0,2.0,168.0,166.0,0.4039334202183166,151.77799785425435,198.74787488652308,-1
MR017260F,2284,0.8110715277417396,152.10992996659374,123.37203328269422,2163.468396368956,163.76812876747417,0.193980767986954,62.48762026032824,62.0,5.0,225.0,220.0,0.3022872302179587,153.19496321448784,194.46172891907187,-1
MR017260F,2285,0.6708439606014103,177.79570960994417,119.27317801267316,2599.298915534778,194.164878389476,0.1719056518799149,61.78189531474203,60.0,0.0,183.0,183.0,0.3104014274520469,154.77528230082976,190.4803793124961,2
MR017260F,2286,0.8772971793240406,164.43489993247408,144.25827389319036,2823.4969670687647,211.26523613694707,0.1505739679971099,58.32641275952152,54.0,0.0,173.0,173.0,0.3423192190928067,155.2463220129245,194.2897703836106,2
MR024780E,1501,0.7580886469480499,64.25876004699326,48.71383645858453,804.5138520739885,73.92563831310488,0.210465852303389,67.09858551221603,62.0,44.0,152.0,108.0,0.6254529533856009,343.2901843120446,334.97299614230604,-1
MR024780E,1664,0.3856434881511363,71.81615910801686,27.695434104032625,715.0163773909296,73.92563831310488,0.1833380509608958,50.51780626780626,50.0,24.0,115.0,91.0,0.4355889968425581,315.65811965811963,216.198717948718,-1
MR024780E,1665,0.3942141544988256,64.95954331296855,25.607971443751737,660.5899705197364,64.00781202322104,0.1619690909843247,58.95063025210085,63.0,33.0,94.0,61.0,0.4722212414377516,321.2132352941176,219.2310924369748,2
MR024780E,1666,0.4469798890479622,95.3087281343351,42.6010847267875,1086.1606050557086,101.82828683622247,0.1577419859779771,65.92314083921895,62.0,41.0,130.0,89.0,0.6866551632658451,325.42584129621935,211.17823016202743,2
MR024780E,2268,0.650143337275554,32.824040424497134,21.34033118445026,349.00209204105454,38.60051813123757,0.2154681875949444,82.86567164179104,81.0,56.0,125.0,69.0,0.4595041848327658,355.23027718550105,176.04904051172707,-1
MR024780E,2270,0.4609889341190167,58.97425017580934,27.186476729014583,656.4478348960054,64.00781202322104,0.1729730296138197,101.53695042095416,96.0,56.0,174.0,118.0,0.2281448176827875,344.066417212348,178.7221702525725,-1
MR024780E,2271,0.4414981026336997,58.03581102203078,25.622700451034543,659.7615433949902,61.84658438426491,0.1622169647354361,90.94979079497908,81.5,49.0,153.0,104.0,0.278343341328058,334.44142259414224,177.61297071129707,2
MR034997,1239,0.8551105530234504,62.648841015883086,53.571685087370014,897.0407640085698,72.47068372797375,0.1957228482014374,67.52014359792581,65.0,37.0,112.0,75.0,0.6171192937397942,189.2692461108895,244.8432389309932,2
MR034997,1240,0.9370391107273922,86.13657233352497,80.71333714051192,1143.7758287448537,101.11874208078342,0.2214429665392691,70.37374323279195,69.0,1.0,152.0,151.0,0.585594676911611,205.12103634957464,228.0583913379737,-1
MR034997,1241,0.8684910327748778,92.98531286413412,80.75691040226698,1105.935208311293,106.30145812734648,0.2410839713807374,80.44213286713287,76.0,40.0,161.0,121.0,0.3580928162746344,202.2451048951049,225.0807692307692,-1
MR034997,1242,0.869804430766592,96.5143872001468,83.94864161941014,1297.498700172308,106.83164325236228,0.2125608790895063,72.45110204081632,65.0,35.0,163.0,128.0,0.2976424623073719,200.81534693877552,224.09763265306125,2
MR034997,1243,0.9322539246845708,84.2124730721442,78.50740852890017,1298.2093782909665,95.46203433826454,0.1923871567188935,75.45306608454058,67.0,36.0,162.0,126.0,0.2848719854159189,195.35106171859496,229.8813256598532,2
MR034997,1244,0.7131726988076721,90.36880478199612,64.44856439439984,876.3128419472118,103.77379245262264,0.2648019439640713,73.07940904893813,68.0,29.0,150.0,121.0,0.3337978913605635,202.24307479224376,230.53254847645428,-1
MR034997,1245,0.7112590572389728,55.88054039665949,39.74554048053236,697.2173875177061,64.00781202322104,0.2020675323686143,77.06728395061728,79.0,47.0,132.0,85.0,0.3993179393385154,200.3691358024692,235.78333333333333,-1
MR034997,1836,0.7300808950442836,73.64086475594723,53.763788452857,829.182899632301,81.00617260431454,0.232673606790453,85.89426582698044,74.0,48.0,182.0,134.0,0.3402020085277449,194.50878355982763,225.74411667219093,2
MR034997,1837,0.8452748162110744,99.60610485647489,84.19453197605782,1409.4642122868895,111.07204868912793,0.2003553357090761,65.06036092097075,55.0,32.0,165.0,133.0,0.3093933316785733,191.4475731176105,232.96577473553205,2
MR034997,1838,0.8019337024116254,107.12940393082803,85.91067953139947,1498.777920785867,116.93160394008116,0.1976109067969222,82.34285714285714,67.0,33.0,215.0,182.0,0.3455934492216648,188.11626591230552,223.2667609618105,-1
MR034997,1839,0.7295168120496239,108.36363834152408,79.05309598500703,1378.434775035369,124.32618388738553,0.2067373709636391,75.15589179275561,63.0,31.0,167.0,136.0,0.2470719279591956,193.07611187528656,221.6999847164909,-1
MR034997,1840,0.8418773863019597,105.8301960811826,89.0960488686499,1281.5819612929986,114.28035701729324,0.2325531236049262,96.40621500559912,83.0,41.0,220.0,179.0,0.2406208735605662,194.6913493840985,232.08328667413213,2
MR034997,1841,0.7684044721990292,103.26706402582056,79.35087382830402,1462.660171779778,112.43220179290272,0.1868769287441676,63.80924759695061,55.0,2.0,160.0,158.0,0.3060839971132535,196.1349022207491,236.19307258866425,2
MR034997,1842,0.5621952642654956,103.79522533147929,58.353184134727655,1020.378859125195,108.52188719332152,0.2347531527355738,66.51113032202291,63.0,45.0,137.0,92.0,0.6681819237018003,207.4890858007348,242.7484331100065,-1
MR034997,2250,0.7680291959750719,59.63305043614485,45.79992378001324,736.8742417671986,72.47068372797375,0.211972857273363,120.85872855701312,116.0,72.0,204.0,132.0,0.2488465819010855,212.63824419778,251.71644803229063,-1
MR034997,2251,0.7257712006830883,84.28876787543221,61.17436026505056,965.2489168102838,95.01578816175764,0.2288638839128039,101.07057628839809,102.0,46.0,168.0,122.0,0.2613593657684357,210.97207413049,249.8009647118558,2
MR034997,2252,0.6936137735722427,108.4029446915293,75.18977553383476,1257.6235918533405,116.72617529928752,0.2212482583626258,115.85634208840489,114.0,47.0,211.0,164.0,0.1867071568718782,218.27146060217808,247.2258167841128,2
MR034997,2253,0.7356784864952056,111.7344487876544,82.20063017347765,1331.33932060587,121.07848694132248,0.2226310959155433,108.3063215952482,100.0,48.0,234.0,186.0,0.1927820775602475,218.70004242681367,244.11822938763964,-1
MR034997,2254,0.8080671201415441,96.812822350629,78.2312585496477,1262.243866176382,107.64757312638312,0.2086089004582291,115.90795128939828,118.0,56.0,187.0,131.0,0.2059214415316787,218.27722063037248,240.46364613180515,-1
MR034997,2255,0.7549905415881485,87.39259810407717,65.98058497339262,1284.3098833543552,102.88342918079664,0.1728136889254936,89.08306229672255,88.0,47.0,146.0,99.0,0.3007679201983424,214.40755566675008,236.20890668001,2
MR034997,2256,0.8540796969414588,40.03066406779483,34.18937743538755,582.9503602129467,46.14108798023731,0.1808515668144198,92.66630669546436,91.0,68.0,123.0,55.0,0.4190554604443739,217.50431965442763,248.6544276457884,2
MR039473,1307,0.7529877894766509,101.1430384579556,76.15947294940787,1065.5504320004463,113.99122773266372,0.2548449165893678,53.98396895038812,54.0,20.0,88.0,68.0,0.8035637868735213,249.15288558893013,290.1100236247047,-1
MR039473,1308,0.832888800237926,91.65083073316632,76.33495045015614,1076.704760932994,100.88111815399353,0.2399139820541118,47.37683857754608,48.0,35.0,59.0,24.0,0.5366932082938775,249.50977471606777,315.3047849562465,-1
MR039473,1309,0.8909170321220821,89.40657923502499,79.65384422425623,1078.8641404994266,101.21264743103995,0.2420683945737041,49.629737609329446,50.0,22.0,69.0,47.0,0.5042289458473934,247.31905976676384,313.33618804664724,2
MR039473,1310,0.9089875807566684,90.94667510215412,82.6693981789698,1055.3910524340115,105.55093557141026,0.2533544722746587,49.41123282907321,49.0,28.0,80.0,52.0,0.4982887011462569,247.2017040514693,312.2467396974439,2
MR039473,1311,0.7284744417368905,140.62094326358527,102.43876314045522,1792.0054095713074,161.64467204334326,0.2065611199508121,48.91865854766882,49.0,2.0,146.0,144.0,0.486306020048947,269.7956920839771,325.02117604289737,-1
MR039473,1903,0.7832243722233788,115.1452878700789,90.18459580652278,1567.3708498984206,125.5746789762968,0.2004245721976774,69.01409869083585,68.0,25.0,177.0,152.0,0.7187161211055434,247.53839375629408,235.17522658610272,-1
MR039473,1904,0.7428737215673439,110.56206883051532,82.13365553630975,1416.309883354346,118.59595271340416,0.208073653424679,67.51480898554873,66.0,31.0,138.0,107.0,0.7554812591976342,248.10230361997424,240.24123622835884,2
MR039473,1905,0.8686262290330026,88.99644114870046,77.30464307235322,1360.2682527940062,103.77379245262264,0.1862449721693264,59.34801081498648,58.0,33.0,166.0,133.0,0.8718813782826921,256.4300888373889,231.0735805330244,2
MR039473,1906,0.7887338679663832,82.67500631792153,65.20857751727942,890.5971131946739,88.56635930193812,0.2543392222467354,67.68246674727932,66.0,47.0,249.0,202.0,0.8557273635128791,248.0210399032648,233.18863361547764,-1
MR039473,1973,0.6433735972756212,77.9469451729372,50.14900651255822,820.1707063234809,82.96987405076617,0.2204724480592664,67.74349302150132,59.0,43.0,200.0,157.0,0.4940030316737768,324.3964541682384,189.21727649943412,-1
MR039473,1974,0.7324007509020468,93.30805599815946,68.33889027826223,1201.2976900455424,103.24727599312246,0.2047634488318163,71.89789236750563,72.0,31.0,128.0,97.0,0.5425781658734798,357.9097605893186,258.3429506854921,2
MR039473,1975,0.7745680203952237,102.79254675503374,79.61981945142995,1310.6113985445209,112.44554237496476,0.2128968187298514,64.33466071997451,64.0,24.0,117.0,93.0,0.8306952041854723,356.61309334182863,254.75453966231285,2
MR039473,1976,0.9488643110630351,103.69725486605287,98.39462429760526,1664.660171779754,114.28035701729324,0.1873543800445432,72.47115139137095,72.0,41.0,142.0,101.0,0.5477015117557065,353.0210620372734,249.62369160071484,-1
MR039473,1977,0.9040474013878256,106.4273388148474,96.21535909218444,1357.523086789941,117.64777940955793,0.2311853647036214,57.87394214980422,58.0,37.0,98.0,61.0,0.9207704527117576,352.5253252494632,249.62359479600852,-1
MR039473,1978,0.5985068217955577,145.2709312010522,86.94564333242288,1729.5546160824777,151.47607071745688,0.1961849982511094,67.6,67.0,8.0,102.0,94.0,0.7918901547223879,351.92263641274985,258.5853052404106,2
MR040240,1331,0.954258724733518,56.56914056550257,53.98159593530761,805.2417741353462,66.85057965343307,0.2086332440356269,89.24596598342782,84.0,43.0,151.0,108.0,0.3395211616004948,269.4365460095944,292.25904928041865,2
MR040240,1332,0.7466421862987437,74.82557498758825,55.867930899793485,927.8103166302706,85.98255637046388,0.2120760294910187,84.63998724489795,82.0,40.0,129.0,89.0,0.4011327067497917,266.4001913265306,281.19451530612247,-1
MR040240,1333,0.6285258727319838,136.56441927741517,85.83427081047392,1703.1525958289285,143.12232530251876,0.1942831911391303,78.8757940108893,76.0,25.0,149.0,124.0,0.3007295399636364,289.6287431941924,264.28459618874774,-1
MR040240,1334,0.6599791408202911,128.02341843048723,84.4927857006296,1635.086578650952,137.05838172107534,0.1945915184818298,73.40380134886573,69.0,24.0,128.0,104.0,0.4112290496703019,284.4206008583691,268.84120171673817,2
MR040240,1337,0.6979224242691775,116.04592169892722,80.99105099866644,1355.6824663563857,120.3328716519306,0.220113929452168,77.66838871823514,74.0,24.0,167.0,143.0,0.2964508064491603,282.1503769896677,268.14967886065347,2
MR040240,1338,0.6614597956492708,109.83426262575117,72.6509489117177,1113.0306627407956,117.5925167687128,0.2457858731657404,63.17190357439734,61.0,21.0,139.0,118.0,0.4412121538768762,279.47963424771405,278.15162094763093,-1
MR040240,1339,0.6384402919914699,140.427194048766,89.65437877203696,1601.2875887777366,153.05227865013967,0.2151818003449314,58.75988256265073,59.0,18.0,139.0,121.0,0.6591660814006637,278.8068575023592,241.67610359651883,-1
MR040240,1340,0.581039685642461,133.16975721522866,77.37691386941931,1732.6084399516394,146.8638825579659,0.1759258042100736,62.402559317515326,63.0,21.0,177.0,156.0,0.4542354332455271,269.2639296187683,239.41748866968808,2
MR040240,1341,0.6939987378777804,94.42777577931602,65.53275721145135,1033.0062761231632,106.45186705737012,0.2330865610548708,69.55142185161428,69.0,20.0,160.0,140.0,0.3359810945515174,278.6232627752833,246.4996792815908,2
MR040240,1342,0.5377695089328378,78.71531357038363,42.330695524239545,571.4945160902307,80.52949770115296,0.3096159392578469,65.6810618066561,67.0,32.0,103.0,71.0,0.6771535258350265,284.284469096672,242.0677496038035,-1
MR040240,1606,0.6932959359062214,125.41356119530208,86.94871228422912,1630.5424227736648,141.82030884185804,0.1956055873489253,57.745387904703726,63.0,10.0,98.0,88.0,0.5332799804759291,261.94685400122177,198.1321930360416,-1
MR040240,1607,0.6496968559565695,170.8655672745936,111.01082184953916,2103.360748630627,186.80738743422327,0.1985573188712445,66.26322184105203,69.0,19.0,245.0,226.0,0.318783791669241,263.010863350486,218.4939965694683,2
MR040240,1608,0.5974083656284064,170.37427569705497,101.78301758930112,2268.7476169825304,186.80738743422327,0.1787606724339275,64.05151675618428,65.0,20.0,182.0,162.0,0.4184794114791924,275.0762538769952,204.6287162417732,2
MR040240,1609,0.6631809002985299,167.58344886590527,111.13814249402373,2173.561758757403,181.8158408940211,0.1930627590747543,78.92611744704966,77.0,16.0,232.0,216.0,0.3155764721977162,273.150031876461,207.7401714245236,-1
MR040240,1610,0.7682122025823431,118.77055299228525,91.24098811612632,1402.8367952889218,125.8729518204765,0.2304939054591688,74.21446443464792,69.0,0.0,145.0,145.0,0.2885934729498118,290.6352913141904,243.6811628738234,-1
MR040240,1611,0.7222622616360674,122.8073692432512,88.69912825520622,1620.2409075835028,132.60844618650805,0.1979042298702779,75.91112184518778,72.0,19.0,146.0,127.0,0.2878071341520705,285.7621060258423,241.6354305035624,2
MR040240,1612,0.8154295740046323,117.29072450206678,95.642325515415,1553.5891039679009,130.60245020672468,0.2093874264188223,68.0082304526749,63.0,23.0,129.0,106.0,0.3194576762778474,282.28289241622576,246.7263962375073,2
MR040240,1614,0.6816486037353069,143.07262091942053,97.52525228247384,1695.9393923933324,154.1460346554526,0.2130294616999448,78.34156574806904,71.0,15.0,199.0,184.0,0.3249965181409606,278.792028225422,228.91503766568133,-1
MR040240,1615,0.5357250981593192,131.73468408958203,70.57357656487825,1461.5992052356808,139.31618714277246,0.2017574968307778,83.65229226361032,78.0,28.0,247.0,219.0,0.3696803392418781,259.3213467048711,256.3921203438396,-1
MR040240,1616,0.7883817296762383,70.88663860992148,55.88573075822431,985.467170879763,81.39410298049853,0.1931959609344899,54.24328002722015,54.0,15.0,138.0,123.0,0.41450736832088,261.2963593058864,227.15991833957128,2
MR040240,1987,0.5432612602922596,131.85111890880788,71.62960502934355,1509.9738802787576,135.5912976558599,0.1949548857771003,89.65483178239084,89.0,30.0,211.0,181.0,0.3297095883447965,261.36535433070867,212.64609878310665,2
MR040240,1988,0.726458283155972,89.73997810325953,65.19235042334844,1163.5159441150263,100.88111815399353,0.1992750758731294,77.84300184162062,72.0,30.0,145.0,115.0,0.3356281520371444,284.28706261510126,251.4534990791897,-1
MR040240,1989,0.6454090870698722,171.94406810535554,110.97426402295746,2241.291772859809,180.71247881648904,0.189007153616646,82.47456803830407,75.0,14.0,225.0,211.0,0.2556247595754753,260.5112067170911,222.15529803622232,-1
MR040240,1991,0.6812380605122145,168.51429601808425,114.7983521879409,2133.85317267979,182.0,0.2011509999896726,80.39664388659584,76.0,21.0,208.0,187.0,0.2594407915569883,260.4970566344137,218.78773935990256,2
MR040240,1992,0.906962246075908,133.94066179857114,121.47912346572566,2225.8014408516883,154.20765220960988,0.1679729085599919,79.4408210414075,75.0,14.0,176.0,162.0,0.2669546177827213,264.7593744446419,207.0215923227297,2
MR040240,1993,0.6293644907128435,105.6429921123841,66.48794792819157,1174.8296526140152,118.81077392223315,0.2164115882887092,88.16983304548071,91.0,23.0,180.0,157.0,0.1916952613526123,243.12262521588943,250.82824793705623,-1
MR040240,1994,0.6276525685846508,97.83889662560657,61.40883477455009,1159.6164491784189,108.2266141020775,0.2056931335446,87.69096844396083,83.0,22.0,209.0,187.0,0.1835833290904979,247.77889009793253,250.44635473340588,-1
MR040240,1995,0.5253956718308583,85.70503826679922,45.0290561594744,1002.5626253092688,90.60353193998566,0.1666168080779146,80.00218722659667,81.0,33.0,127.0,94.0,0.3604025109284786,253.2134733158356,247.0804899387577,2
MR049019C,1095,0.9678552893298716,41.45603585360448,40.12344357555989,461.3696244092024,50.0,0.2661623099067839,83.89396411092986,82.0,59.0,113.0,54.0,0.5562380079250815,217.72349102773245,195.9657422512235,2
MR049019C,1096,0.4791857415597982,82.4437936945114,39.50589041850746,871.1828996323007,85.14693182963201,0.1903135107092801,87.06431442608307,86.0,49.0,140.0,91.0,0.4413990805328657,213.45020098258152,207.29611433675748,-1
MR049019C,1097,0.474798866571673,102.36607050325024,48.60329425033918,1054.9057710597724,108.2266141020775,0.198534087888511,74.72197183098592,73.0,32.0,145.0,113.0,0.4256441182305098,215.292676056338,193.1909859154929,-1
MR049019C,1471,0.9372864859665012,47.68919930234173,44.69844203264801,704.9158723275414,56.60388679233962,0.1958988977370956,58.08753993610224,55.0,12.0,155.0,143.0,0.4633290122385652,207.6555910543131,97.33418530351436,2
MR049019C,1472,0.8667010425521808,55.32104870079272,47.94681058405702,689.6610383316018,64.00781202322104,0.2270376458962678,57.59024635495224,54.0,23.0,155.0,132.0,0.4166695103612857,211.16289592760185,96.60180995475112,2
MR049019C,1473,0.9186565185533436,55.45254366737738,50.94184071040017,617.4772721475281,63.52952069707436,0.2636778931899041,58.222998137802605,58.0,25.0,114.0,89.0,0.5667048989315773,215.8943202979516,99.02188081936686,-1
MR049019C,1474,0.7158879254263323,64.13054213497237,45.91028076547136,648.9919907732896,69.85699678629192,0.2545631317817171,52.7841628959276,52.0,8.0,122.0,114.0,0.4084977785057636,219.8049773755656,104.69909502262443,-1
MR049019C,1475,0.8635650487327011,56.444004643740094,48.743069620840224,633.6782822743046,64.00781202322104,0.2517689871350002,45.4818225884634,44.0,19.0,110.0,91.0,0.5307625595957113,217.6122152205526,105.24769752787203,2
MR049019C,2129,0.7775577173253462,33.017841148236855,25.673277194233936,372.9015869776664,39.408120990476064,0.2258617420688793,64.07008547008547,62.0,9.0,164.0,155.0,0.4315786397837681,251.9589743589744,103.43247863247863,2
MR049019C,2130,0.6025789240678007,64.18963027902491,38.67931834984475,787.685424949242,73.10950690573696,0.1843246368391152,58.50231749710313,57.0,16.0,127.0,111.0,0.4459765376915527,237.3487833140209,108.3505214368482,-1
MR049019C,2131,0.776789792465102,60.15825052192599,46.7303149379905,697.6610383316021,67.11929677819934,0.2194025424350155,60.39884696016772,57.0,21.0,110.0,89.0,0.3593997907958985,231.4323899371069,108.479035639413,-1
MR049019C,2132,0.9761111451821536,54.80827740784805,53.49897042603572,787.40115370178,65.79513659838392,0.2073870218420244,62.568401658222015,62.0,32.0,100.0,68.0,0.6075002317937911,223.6195301704284,106.30354675264854,2
MR049358,1000,0.6753333395820349,46.50905525060789,31.4091156031984,624.5483399593937,53.225933528685054,0.1788150759033553,72.22211445198836,71.0,18.0,128.0,110.0,0.3118486943547318,159.88263821532493,209.30649854510185,2
MR049358,1003,0.6038414838921491,103.61498466238515,62.56702609199694,1181.6753236814588,111.66467659918244,0.2040262785960931,74.9581643543223,73.0,17.0,150.0,133.0,0.2971566877646022,179.10202774813234,206.4851654215581,-1
MR049358,1004,0.622853251414222,113.59235199760312,70.75136577749589,1199.8002153624836,120.3328716519306,0.2313929811025436,74.96937459703418,75.0,14.0,149.0,135.0,0.2622874179882699,179.38829787234042,213.9442295293359,-1
MR049358,1005,0.558831280127491,149.70301236351656,83.65872603804556,1712.4419177102698,156.7801007781281,0.201645188133625,62.01575213853536,57.0,10.0,150.0,140.0,0.303336059885302,180.5905487168788,212.14510744836213,2
MR049358,1006,0.5672170503757702,149.22406693123443,84.6424350898113,1752.1647891377431,161.3071604114337,0.1951116186691787,59.066673755848576,53.0,27.0,129.0,102.0,0.339428107463434,183.49851127179923,225.3826031475968,2
MR049358,1007,0.7075431988012779,132.85487404341083,94.00056255701575,1535.0621920333283,139.48835076808385,0.2252063498770314,54.52718183711727,45.0,28.0,149.0,121.0,0.4375796136340929,183.3112893147261,234.8403457612997,-1
MR049358,1008,0.6874215722034793,134.6065741693892,92.53146284444578,1737.2947314526527,143.5687988387449,0.1982466808233269,62.86865828092243,54.0,38.0,161.0,123.0,0.4572888291162885,183.96624737945493,235.304926624738,-1
MR049358,1009,0.6700196813312214,127.07366782500814,85.14185842170143,1590.6774157224702,133.80956617521784,0.2027063961714737,57.55587495508444,50.0,30.0,153.0,123.0,0.3765020790737345,186.02659001077973,236.48125524014853,2
MR049358,1010,0.6870537811828209,104.66832625534148,71.91276932380948,1095.4326829943486,110.05453193758083,0.245323886506541,58.499052540913006,57.0,32.0,119.0,87.0,0.3945908699397072,186.831007751938,231.91541774332472,2
MR049358,1011,0.8448747792514237,76.02889561687313,64.23489640103521,944.780879378748,90.60353193998566,0.2269319720591009,66.16954177897574,65.0,48.0,118.0,70.0,0.8019989683306572,191.78517520215632,233.11212938005391,-1
MR049358,1404,0.6719837418518321,83.72765908061135,56.26362564548374,1063.0479066835044,91.92388155425118,0.1966321105468471,74.06129943502825,70.0,36.0,162.0,126.0,0.3237971208784193,177.99971751412428,209.3714689265537,-1
MR049358,1405,0.6498076726938867,104.61313237637836,67.97841608271193,1560.157646462826,114.28035701729324,0.1654304115537993,69.4847307051638,64.0,35.0,167.0,132.0,0.2702324772169368,177.7001665741255,210.0688506385341,2
MR049358,1406,0.7308072561163134,109.73267161797423,80.19343265144423,1311.1139238614549,123.69316876852982,0.2219289158318715,77.2551440329218,64.0,37.0,208.0,171.0,0.3161708314886184,179.78674309229865,212.5383597883598,2
MR049358,1407,0.770722437613129,120.16494094121413,92.61381619785024,1611.5129855221453,131.59027319676784,0.2022025497832714,72.83836257309942,59.0,33.0,191.0,158.0,0.3727598372148695,183.23684210526315,214.67766081871343,-1
MR049358,1408,0.6494162505582352,137.2592094799731,89.1383611750715,1559.932249718409,149.89329538041386,0.2189963709603699,73.85349978659838,62.0,10.0,198.0,188.0,0.3500542566564821,180.26163038839096,224.2795561246265,-1
MR049358,1409,0.5734509354070818,141.4868169704459,81.13574753947277,1519.0621920333238,143.5687988387449,0.2178902562550688,73.67795069862547,65.0,10.0,169.0,159.0,0.2999297780004336,179.77746222878565,232.97773486311485,2
MR049358,1410,0.6000582878457389,126.34979046979696,75.81723893897421,1613.1282092113036,133.80956617521784,0.1841477677530371,70.48749648777746,70.0,17.0,136.0,119.0,0.3223235798482625,181.55774093846583,230.2700196684462,2
MR049358,1411,0.6257475903468316,110.36005406451817,69.0575379014183,1396.0083681641736,115.94826432508596,0.1888849021507367,80.29886080455678,72.0,28.0,164.0,136.0,0.3503610869856982,191.8383766464934,225.97828408686365,-1
MR049358,1412,0.5064484097415427,74.6019762603264,37.78205224061863,814.5554826343312,81.41252974819048,0.1958620900588414,107.34602409638556,109.0,40.0,177.0,137.0,0.2182421831905937,197.2563855421687,251.96963855421689,-1
MR049358,2075,0.5919464867006986,78.5362466329509,46.48925527303486,957.6925676241796,85.98255637046388,0.1907624319172317,94.55711127487103,93.0,61.0,154.0,93.0,0.5319362632361797,250.32571849668383,228.1098010316876,2
MR049358,2076,0.7736318232532992,105.35187632930402,81.50356416779556,1206.9129137346956,117.5925167687128,0.2369296436263317,84.5793397231097,69.0,39.0,198.0,159.0,0.3440919311581022,261.2863228358436,228.76601247527765,2
MR049358,2077,0.8628481802773315,133.7770614223845,115.42929401115326,1862.407429824853,148.67750334196495,0.2059194611199845,73.92323985427434,61.0,40.0,221.0,181.0,0.5160275323646997,247.98441074303145,220.3479623824452,-1
MR049358,2078,0.7004914914314255,168.63392625479568,118.12663050815884,2339.9019459151014,189.74720024284943,0.1858833288868193,90.84215376513954,72.0,42.0,228.0,186.0,0.3384880134246538,239.4063981042654,221.6597551342812,-1
MR049358,2080,0.5647003175337295,182.5905324595671,103.10893165857028,1957.703894381124,190.2866259094422,0.2155626426417199,90.33050966115934,77.0,12.0,223.0,211.0,0.3018635899147439,230.11040324838984,224.3116073928872,2
MR049358,2081,0.621376266921155,155.94120975211288,96.89816677493673,2096.4389591174045,166.9281282468596,0.1797908548550142,96.35908215098966,91.0,23.0,225.0,202.0,0.2364477472718491,231.57050271501137,220.70301278682783,2
MR049358,2082,0.4730596153781935,134.19352699967635,63.481538268710125,1535.8733752153685,135.07405376311175,0.1748050969078253,89.38761153054222,88.0,29.0,172.0,143.0,0.3889800334361982,227.6171928620453,217.7846602608099,-1
MR050687C,1230,0.7765911041927244,100.11562723236008,77.7489054993257,1300.6530291048591,112.44554237496476,0.2090997936234481,40.69614093959731,37.0,3.0,191.0,188.0,0.731103722805279,177.80922818791947,232.8147651006712,-1
MR050687C,1231,0.8019080887318369,107.44574416333238,86.1616113443878,1411.7240969167144,118.81077392223315,0.2093151364539589,43.24092268261427,41.0,6.0,170.0,164.0,0.7406956159932513,178.32934643314823,242.03816033034315,2
MR050687C,1232,0.8603191430587508,115.93714158355382,99.74294229584407,1618.341412646895,135.5322839769182,0.2034650654935679,41.85966319165998,40.0,1.0,142.0,141.0,0.730661313450499,172.15064726772826,249.47565585977776,2
MR050687C,1233,0.8775110984370977,118.84782903542532,104.29028900374048,1413.4642122868925,128.51459061133875,0.2402866419431012,43.36344016402288,41.0,3.0,146.0,143.0,0.6548460443365881,164.26837164130788,262.415128952196,-1
MR050687C,1234,0.6722234505249977,119.30174427956956,80.19743019326314,1260.54538136654,130.0,0.2362667764965415,46.83503997755646,43.0,26.0,101.0,75.0,0.5877592036195051,157.41744985271427,262.18165240566697,-1
MR050687C,1818,0.5300817071405869,118.7200741379777,62.93133957091625,1342.8712831743535,128.8875478857442,0.1942718487872854,42.0164113785558,36.0,6.0,178.0,172.0,0.5649403263708337,175.66356673960613,283.4753829321663,2
MR050687C,1819,0.66536751597411,129.26424023895373,86.00822643207324,1665.9566363360434,145.67086187704115,0.1903148427876969,41.58650519031142,36.0,0.0,167.0,167.0,0.4965612033537209,179.68709836875928,278.43326742461693,2
MR050687C,1820,0.6884226111041153,124.49313633292148,85.7038899788504,1494.6012972767314,140.85808461000738,0.2115235466915434,51.25549621165073,45.0,7.0,158.0,151.0,0.5280754979577543,174.52813315116134,277.44106322196,-1
MR050687C,1821,0.6846401931858686,124.4223905929438,85.18456953220065,1537.564717350279,136.48443134658254,0.2049657311914737,30.825215975960937,28.0,3.0,172.0,169.0,0.4994988491455745,172.81444847877802,277.0548391135595,-1
MR050687C,1822,0.6534683897254907,125.14110084878872,81.7757536601332,1595.2287142746875,138.53880322855397,0.1934266398352529,39.55532386289587,36.0,0.0,153.0,153.0,0.5292882646193935,171.6998566401668,271.85846474651373,2
MR050687C,1823,0.5759263375051846,117.63884422387213,67.7513087021976,1401.9007204258626,122.18428704215611,0.1958842357276081,53.20932915773859,46.0,0.0,196.0,196.0,0.3629874891088303,172.2624031646613,260.20768089665404,2
MR050687C,1825,0.378833952181516,117.65400421495926,44.57133140673376,1294.344371239763,118.59595271340416,0.1634449726999576,58.20242691671263,49.0,3.0,215.0,212.0,0.3544782442426442,171.55515719801434,263.9404302261445,-1
MR050687C,2241,0.5309378188669445,119.924015869044,63.67219541527506,1386.854039231638,127.94530081249565,0.1918166140244429,35.95406732117812,33.0,10.0,113.0,103.0,0.7275368629873185,258.7975105189341,267.507713884993,-1
MR050687C,2242,0.7184145465479793,111.1746427085889,79.86948052912452,1459.2875887777466,121.82364302548172,0.1985568064363914,45.07443509082854,43.0,7.0,130.0,123.0,0.7134068487453583,252.62679072515132,276.0629153743908,2
MR050687C,2243,0.6143454549854651,128.6658504081363,79.04528041007828,1692.9271990845252,146.32839779072276,0.1830382054886601,52.02467381475262,49.0,4.0,184.0,180.0,0.417497474804408,245.22413124919265,286.02764500710504,2
MR050687C,2244,0.3065903242810317,219.27648291793628,67.2280480050142,2342.203461105253,205.2997808084558,0.1509248911917346,56.39105424972726,54.0,2.0,179.0,177.0,0.4094671078211117,265.1493603094317,270.3665575721511,-1
MR050687C,2245,0.2692873021592378,247.008480479614,66.51624731880801,2428.411613906981,216.453228204155,0.1436403264975281,53.54738878143134,44.0,0.0,187.0,187.0,0.4702974813415618,272.31813091723507,263.3003155858699,-1
MR050687C,2246,0.4887895510306995,108.46070772303484,53.01446063241413,1258.309883354356,120.7393887677091,0.1817147108709315,47.73655660377359,41.0,16.0,153.0,137.0,0.536059095763617,236.2830188679245,297.4349056603773,2
MR050791B,1084,0.6117555465388175,53.40286816196673,32.66950079916437,589.7787873376928,60.53924347066124,0.2040055691480758,41.184498736310026,34.0,7.0,150.0,143.0,0.307211159365465,286.45408593091827,312.0176916596462,2
MR050791B,1085,0.6328549488517069,67.30004911711427,42.59116914172871,769.6437943888993,74.43117626371358,0.2070866166948191,45.148648648648646,46.5,7.0,127.0,120.0,0.3457834558220659,286.2355212355212,312.52364864864865,-1
MR050791B,1086,0.4846536894126682,100.43147877648047,48.67448672219135,1046.3372285648509,110.14535850411492,0.1948717224061565,57.12934879571811,57.0,17.0,154.0,137.0,0.4031239718512376,311.2976509069283,343.5343443354148,-1
MR050791B,1087,0.6656008140404427,95.86599798970867,63.80848630074955,1274.6702730475654,105.60303025955268,0.1725925421049575,48.694755600814666,46.0,17.0,125.0,108.0,0.4659335192321253,310.4383910386965,347.005600814664,2
MR050791B,1088,0.562972144577059,132.38485762300112,74.52898720554956,1774.6084399516344,138.92443989449805,0.1672601080086583,65.61685393258426,64.0,18.0,160.0,142.0,0.4087443978033077,286.286095505618,329.4719101123595,2
MR050791B,1089,0.6960730882413456,105.76448579160063,73.61981225121738,1378.594154601808,114.28035701729324,0.1972025606888507,60.34697986577181,58.0,28.0,148.0,120.0,0.3698303567406873,280.5194630872483,328.18389261744966,-1
MR050791B,1091,0.609216144075692,105.61562791633553,64.34274559332293,1170.202235616042,113.718951806636,0.2154328635983334,61.845928529584064,59.0,31.0,124.0,93.0,0.4747671855641417,281.1152118726812,334.5354422964265,-1
MR050791B,1092,0.781447825950247,76.96209067820759,60.141858441071086,863.3250352560319,84.59905436823747,0.2430768664426366,58.9741136747327,57.0,33.0,93.0,60.0,0.5077761581186986,279.6280247608329,339.56359032076534,2
MR050791B,1093,0.8444466731178649,105.42261689161502,89.02377810550352,1423.446968344186,118.27087553578016,0.2098643574283767,77.0133611691023,75.0,8.0,215.0,207.0,0.3374890179949433,272.1610299234516,318.69937369519835,2
MR050791B,1094,0.6449342105013943,86.84770908939221,56.01105869542193,991.6093065034942,99.76472322419384,0.2150892093802994,85.28991025292358,84.0,9.0,218.0,209.0,0.3389274772825424,267.10524884416645,323.02937177046505,-1
MR050791B,1466,0.7772680007071919,113.87566085381955,88.51190724105858,1599.3119753953745,123.69316876852982,0.1939297065720443,41.71299522519035,39.0,0.0,138.0,138.0,0.2726969994721301,273.4214737385469,283.8575300038715,-1
MR050791B,1467,0.5916449834928909,168.70176767890166,99.81155455360528,2213.1323932933738,185.43192821086663,0.1799789982345445,49.9215701637546,48.0,0.0,114.0,114.0,0.2401801933131197,286.5899866802476,274.84353208493303,2
MR050791B,1468,0.6988545435954068,130.78383318666718,91.39887605132613,1790.147545195034,141.20906486483082,0.18908365588997,36.60166829162604,30.0,0.0,144.0,144.0,0.3052427832950585,298.8771530711732,272.94085147871306,2
MR050791B,1470,0.5418877365080066,121.59904175215722,65.89302949661906,1469.3880938411355,128.8875478857442,0.1871597894376974,26.597840314136125,19.0,2.0,112.0,110.0,0.4311514469861023,302.99083769633506,270.21973167539267,-1
MR050791B,2120,0.6848017968214164,44.90825824257825,30.753255936637768,552.1391770309032,52.392747589718944,0.1965287825740507,47.71634121274409,37.0,3.0,201.0,198.0,0.2456869917368117,317.56628982528264,280.6372045220966,-1
MR050791B,2121,0.5902650014822622,80.41722957462099,47.46747613406309,923.5676759431512,85.7962703152066,0.2029936443834943,40.79257182901191,27.0,15.0,189.0,174.0,0.359396492413554,320.20953048353186,286.5585143658024,2
MR050791B,2122,0.6714609903711879,91.33528554093012,61.32808128514818,1092.302740679438,98.71676655968832,0.2081331530216943,43.65374491505145,33.0,4.0,218.0,214.0,0.6373425829680542,320.1356783919598,284.19430485762143,2
MR050791B,2123,0.736905894670028,104.16474237181788,76.75961267057743,1215.1727983645128,116.21101496846155,0.2231327842360803,34.30363482671175,26.0,6.0,179.0,173.0,0.4004093208306746,324.06069315300084,289.10836855452243,-1
MR050791B,2125,0.745327235002034,108.06886287450337,80.54666675606755,1562.6012972767194,118.27087553578016,0.1538384327770389,47.99210413999146,35.0,18.0,177.0,159.0,0.5307710930152365,339.76355100298764,282.20081092616306,-1
MR050791B,2126,0.6708506838821386,89.55924467578522,60.08088053871831,1384.6774157224877,108.24047302187849,0.1451486624677431,47.65839636913767,37.0,12.0,181.0,169.0,0.4736771178313699,353.5089258698941,273.90590015128595,2
MR050791B,2127,0.5025384409778489,115.49301619595155,58.03968030294296,1357.3220766631673,124.77579893553076,0.1481775833260663,51.514848484848486,41.0,22.0,155.0,133.0,0.4580183654729109,361.62060606060606,274.4787878787879,2
MR050791B,2128,0.4161089196543444,94.19154255242483,39.193941012065714,1025.1484117468954,100.57832768544128,0.1661434132135626,43.73428932939688,36.0,19.0,119.0,100.0,0.4505721727872698,370.7579080556727,277.8093631379165,-1
MR051651B,1164,0.6444960347355745,113.60791005952734,73.21984754796115,1525.1454531540094,116.21101496846155,0.1793034487014733,57.584009269988414,60.0,11.0,141.0,130.0,0.4325197833564666,280.3130276444297,153.73232908458866,-1
MR051651B,1165,0.7640489648232132,102.55006007089452,78.3532672397253,1328.653029104856,118.27087553578016,0.2069327434803114,42.83434475971789,41.0,1.0,151.0,150.0,0.3602022886843657,295.8059701492537,137.87387239626045,2
MR051651B,1166,0.6794182767604617,130.88699873130275,88.92701912837046,1789.253100892303,136.48443134658254,0.1838431018763842,45.16221177010439,49.0,6.0,138.0,132.0,0.3209961102222276,284.9775152001836,162.798210393484,2
MR051651B,1167,0.8084253160964778,119.02508588423667,96.22289267937448,1377.221571599776,132.07573584879245,0.23961304481617,47.8423098913665,46.0,9.0,170.0,161.0,0.2934138955822505,303.9414522584334,168.77255574614065,-1
MR051651B,1168,0.5452449525256415,114.18458967902184,62.25857117869812,1295.055049358415,119.4026800369238,0.1995857873388887,42.51834692364714,37.0,10.0,123.0,113.0,0.280425922944322,301.10730170496663,168.30893254262418,-1
MR051651B,1170,0.4550129951789747,91.31365112225436,41.5488978978649,989.207286249941,101.82828683622247,0.1887600092626143,49.65503875968992,46.0,18.0,136.0,118.0,0.3892705510287496,297.2899929527837,173.446088794926,2
MR051651B,1756,0.5668855465240606,80.6857028703003,45.73955876830816,908.6387437550168,84.59905436823747,0.185611094010994,46.38644214162349,34.0,5.0,187.0,182.0,0.2542432160744061,292.35103626943004,177.70898100172712,2
MR051651B,1758,0.9768145926319164,73.4267020786334,71.72427407924536,1164.5281374238473,83.73768566183328,0.186832642195294,37.04168837936425,29.0,6.0,163.0,157.0,0.3146215364796401,289.96717040125066,181.08285565398648,-1
MR051651B,1759,0.8500894906725704,81.44302750859147,69.23386177361067,1027.4915574974027,91.4166286842826,0.2230831425132006,39.54410377358491,29.0,9.0,166.0,157.0,0.3109185875756496,294.99245283018865,175.6422169811321,-1
MR051651B,1760,0.7407681135120637,92.55909552664964,68.56482658165913,1269.824601980118,106.02358228243376,0.1890403635904235,36.57216274089936,25.0,7.0,154.0,147.0,0.3377693510447568,294.0406852248394,174.3002141327623,2
MR051651B,1761,0.9592357217781352,67.2947105714388,64.5514902668448,1165.6997102991002,81.88406438373708,0.1697936618174187,42.29793233082707,39.0,8.0,146.0,138.0,0.2965751628444545,298.42857142857144,160.64254385964912,2
MR051651B,1762,0.7700689532583183,73.16075120205372,56.33882309775775,1139.089537243836,83.24061508662703,0.1699705563261308,52.30504587155964,53.0,11.0,142.0,131.0,0.2876207338418912,303.37254259501964,159.26441677588463,-1
MR051651B,1763,0.655416991435706,87.00812603106033,57.0266041937363,1196.6702730475756,95.46203433826454,0.1777385691774478,58.6578660860098,59.0,2.0,169.0,167.0,0.4091181718317213,301.506260206859,160.0223189983669,-1
MR051651B,2174,0.7436861341110282,80.52133037963719,59.88259690350928,925.3666658163748,95.85405573057407,0.2067220324986398,54.0535894843276,51.0,0.0,115.0,115.0,0.4153527244811452,219.5365689248399,172.86450960566228,2
MR051651B,2175,0.6080238206792672,122.13919893741075,74.26354239262959,1741.3779925733386,129.87686476043376,0.164652053059491,52.98451360697639,50.0,13.0,132.0,119.0,0.4319768732118132,185.3670124793264,198.9622613140881,2
MR051651B,2176,0.5924772144257412,119.35679655262844,70.7161823442812,1462.27539546893,128.87590930814028,0.1875225098821018,43.37901498929336,40.0,17.0,144.0,127.0,0.3198113760678726,187.10986657881733,206.39499258771207,-1
MR051651B,2177,0.6741515964949644,117.77399972675803,79.39752994139143,1649.3952365160512,131.70041761513136,0.1754345400857534,40.40709534368071,30.0,3.0,157.0,154.0,0.4735069258372487,189.01832963784184,206.68070953436808,-1
MR051651B,2178,0.7114710355615741,110.95208975305556,78.93919819432716,1315.606347910631,122.18428704215611,0.2141580531432264,38.4730024968789,32.0,12.0,161.0,149.0,0.3486664609313265,199.54291510611736,211.09597378277152,2
MR051651B,2180,0.574619457494423,111.76156029426392,64.22036714502018,1789.5790027001174,115.69356075426153,0.1345674148048334,55.1751269035533,55.0,21.0,134.0,113.0,0.4060031536212964,201.82402707275804,206.72250423011843,2
MR052585B,1203,0.9671997299287532,31.900866043038064,30.854509021319743,459.7127701597098,39.408120990476064,0.1939316216105393,61.36874051593323,64.0,33.0,88.0,55.0,0.6090549667150993,239.6813353566009,333.90895295902885,-1
MR052585B,1204,0.9584270946684718,41.44853276681037,39.72539683796502,540.4234482783652,50.60632371551998,0.2249918120850749,51.14155629139073,51.0,31.0,103.0,72.0,0.463588493925705,243.4370860927152,329.7201986754967,-1
MR052585B,1205,0.7670691294950474,60.11492523790746,46.11230337190153,666.063058585155,67.42403132415029,0.2384313023191998,47.956947162426616,48.0,32.0,81.0,49.0,0.4946882862734135,246.96771037181995,332.6448140900196,2
MR052585B,2219,0.6958153083645421,62.78171522114372,43.684478536254986,730.673231640422,71.11258679024411,0.2035634250835605,56.90315439955728,56.0,34.0,124.0,90.0,0.4660505217213144,316.3857221914776,293.5545102379635,2
MR052585B,2220,0.5717561253602043,65.33503545896282,37.35570672428813,735.0580079512723,77.07788269017254,0.1994549679311331,53.16562322140011,47.0,34.0,99.0,65.0,0.4441196106702549,314.9778030734206,288.1439954467843,-1
MR052585B,2221,0.4543649447824295,181.34299224637348,82.39589865870404,2443.399420598167,186.077940659284,0.1322665939691361,61.20806241872562,57.0,27.0,212.0,185.0,0.3658470785440298,258.9939709185483,234.97600189147653,-1
MR054683,1221,0.7881343034047477,30.282976280595022,23.86705241592925,334.9015869776663,39.408120990476064,0.2237904183078267,43.57627118644068,39.0,14.0,126.0,112.0,0.4687948865268601,204.45974576271183,290.08898305084745,2
MR054683,1222,0.7613171185374378,81.54288157622013,62.07999163884743,842.5138520739883,88.14193099768123,0.2596087466180354,40.940306254866336,41.0,1.0,75.0,74.0,0.8225661203929054,165.8385673501168,224.4466649364132,2
MR054683,1223,0.6748420811412184,36.85035078358335,24.86816741357731,486.1391770309031,44.553338819890925,0.172559281609227,30.52551020408164,33.0,14.0,46.0,32.0,0.5778379378962469,183.37755102040816,239.0272108843537,-1
MR054683,1815,0.8687618759810863,50.80149763300352,44.13440438629686,677.9036790187212,61.84658438426491,0.2092995029811195,40.96231003039514,42.0,24.0,67.0,43.0,0.6978690145139088,253.27537993920973,287.6231003039514,-1
MR054683,1816,0.9412270598093002,63.73357417720773,59.98776463395117,829.5260453828084,74.43117626371358,0.2284378294814278,38.47614143494679,39.0,15.0,74.0,59.0,0.7204345400997859,256.3920357020254,302.439409543426,2
MR054683,1817,0.715894738687392,61.59859386778167,44.098109260486346,787.0996385116151,72.47068372797375,0.1995424815422613,47.80168986083499,48.0,20.0,76.0,56.0,0.5234176452221068,261.081013916501,293.8648111332008,2
MR056144,1235,0.8100261286476924,48.29084487852018,39.116846126073945,585.8204178980355,57.14017850864661,0.2208889732894534,57.57622173595915,58.0,40.0,81.0,41.0,0.6992510803924792,208.45295404814004,224.9890590809628,-1
MR056144,1237,0.5512277700463841,73.10833220458764,40.299342932945095,949.0823945689126,75.58438992278762,0.1594318923814145,47.11454448588172,44.0,23.0,83.0,60.0,0.5140314192298948,209.4118273841236,225.3676078849228,-1
MR056144,1238,0.9096255914334138,56.6051450528757,51.48948854689623,797.2001435750035,67.67569726275453,0.1920077496240504,51.31014644351465,50.0,28.0,93.0,65.0,0.4744002862344847,212.90324267782427,227.01725941422595,2
MR056144,2248,0.6832793117954509,85.87943978334478,58.67964451254269,999.6854249492424,96.51942809610924,0.2146442724096844,62.02643647154033,63.0,32.0,121.0,89.0,0.5522151349501804,272.4181278661991,112.38251955759374,2
MR056144,2249,0.6784169800526825,74.58590196518409,50.60034236572563,715.3767670841397,81.41252974819048,0.2621630913976526,53.67066290550071,53.0,31.0,84.0,53.0,0.5409909564912937,271.74047954866006,114.3318053596615,-1
